file,filename,model,domain,condition,iteration,corpus_type,is_partial,word_count,file_size_kb,issues,source
E:\Research paper\output\chatgpt_policy_drafts\AIr status quo iteration 2 GPT.txt,AIr status quo iteration 2 GPT.txt,ChatGPT,Air Pollution,Status Quo,2.0,Primary,False,1122,7.68,none,ai_draft
E:\Research paper\output\chatgpt_policy_drafts\Air Innovation iteration 1 GPT.txt,Air Innovation iteration 1 GPT.txt,ChatGPT,Air Pollution,Innovation,1.0,Primary,False,1020,7.18,none,ai_draft
E:\Research paper\output\chatgpt_policy_drafts\Air innovation iteration 10 GPT.txt,Air innovation iteration 10 GPT.txt,ChatGPT,Air Pollution,Innovation,10.0,Primary,False,882,6.2,none,ai_draft
E:\Research paper\output\chatgpt_policy_drafts\Air innovation iteration 2 GPT.txt,Air innovation iteration 2 GPT.txt,ChatGPT,Air Pollution,Innovation,2.0,Primary,False,1003,7.29,none,ai_draft
E:\Research paper\output\chatgpt_policy_drafts\Air innovation iteration 3 GPT.txt,Air innovation iteration 3 GPT.txt,ChatGPT,Air Pollution,Innovation,3.0,Primary,False,1031,7.5,none,ai_draft
E:\Research paper\output\chatgpt_policy_drafts\Air innovation iteration 4 GPT.txt,Air innovation iteration 4 GPT.txt,ChatGPT,Air Pollution,Innovation,4.0,Primary,False,934,6.46,none,ai_draft
E:\Research paper\output\chatgpt_policy_drafts\Air innovation iteration 5 GPT.txt,Air innovation iteration 5 GPT.txt,ChatGPT,Air Pollution,Innovation,5.0,Primary,False,1137,8.03,none,ai_draft
E:\Research paper\output\chatgpt_policy_drafts\Air innovation iteration 6 GPT.txt,Air innovation iteration 6 GPT.txt,ChatGPT,Air Pollution,Innovation,6.0,Primary,False,975,7.02,none,ai_draft
E:\Research paper\output\chatgpt_policy_drafts\Air innovation iteration 7 GPT.txt,Air innovation iteration 7 GPT.txt,ChatGPT,Air Pollution,Innovation,7.0,Primary,False,985,7.02,none,ai_draft
E:\Research paper\output\chatgpt_policy_drafts\Air innovation iteration 8 GPT.txt,Air innovation iteration 8 GPT.txt,ChatGPT,Air Pollution,Innovation,8.0,Primary,False,1106,8.27,none,ai_draft
E:\Research paper\output\chatgpt_policy_drafts\Air innovation iteration 9 GPT.txt,Air innovation iteration 9 GPT.txt,ChatGPT,Air Pollution,Innovation,9.0,Primary,False,992,6.98,none,ai_draft
E:\Research paper\output\chatgpt_policy_drafts\Air status quo iteration 1 GPT.txt,Air status quo iteration 1 GPT.txt,ChatGPT,Air Pollution,Status Quo,1.0,Primary,False,1032,6.92,none,ai_draft
E:\Research paper\output\chatgpt_policy_drafts\Air status quo iteration 10 GPT.txt,Air status quo iteration 10 GPT.txt,ChatGPT,Air Pollution,Status Quo,10.0,Primary,False,1005,6.65,none,ai_draft
E:\Research paper\output\chatgpt_policy_drafts\Air status quo iteration 3 GPT.txt,Air status quo iteration 3 GPT.txt,ChatGPT,Air Pollution,Status Quo,3.0,Primary,False,1117,7.49,none,ai_draft
E:\Research paper\output\chatgpt_policy_drafts\Air status quo iteration 4 GPT.txt,Air status quo iteration 4 GPT.txt,ChatGPT,Air Pollution,Status Quo,4.0,Primary,False,1054,7.37,none,ai_draft
E:\Research paper\output\chatgpt_policy_drafts\Air status quo iteration 5 GPT.txt,Air status quo iteration 5 GPT.txt,ChatGPT,Air Pollution,Status Quo,5.0,Primary,False,988,6.46,none,ai_draft
E:\Research paper\output\chatgpt_policy_drafts\Air status quo iteration 6 GPT.txt,Air status quo iteration 6 GPT.txt,ChatGPT,Air Pollution,Status Quo,6.0,Primary,False,1179,7.5,none,ai_draft
E:\Research paper\output\chatgpt_policy_drafts\Air status quo iteration 7 GPT.txt,Air status quo iteration 7 GPT.txt,ChatGPT,Air Pollution,Status Quo,7.0,Primary,False,1032,7.28,none,ai_draft
E:\Research paper\output\chatgpt_policy_drafts\Air status quo iteration 8 GPT.txt,Air status quo iteration 8 GPT.txt,ChatGPT,Air Pollution,Status Quo,8.0,Primary,False,976,6.69,none,ai_draft
E:\Research paper\output\chatgpt_policy_drafts\Air status quo iteration 9 GPT.txt,Air status quo iteration 9 GPT.txt,ChatGPT,Air Pollution,Status Quo,9.0,Primary,False,1037,6.93,none,ai_draft
E:\Research paper\output\chatgpt_policy_drafts\Air unconstrained iteration 10 GPT.txt,Air unconstrained iteration 10 GPT.txt,ChatGPT,Air Pollution,Unconstrained,10.0,Primary,False,1005,6.82,none,ai_draft
E:\Research paper\output\chatgpt_policy_drafts\Air unconstrained iteration 2 GPT.txt,Air unconstrained iteration 2 GPT.txt,ChatGPT,Air Pollution,Unconstrained,2.0,Primary,False,1175,8.14,none,ai_draft
E:\Research paper\output\chatgpt_policy_drafts\Air unconstrained iteration 3 GPT.txt,Air unconstrained iteration 3 GPT.txt,ChatGPT,Air Pollution,Unconstrained,3.0,Primary,False,1256,8.41,none,ai_draft
E:\Research paper\output\chatgpt_policy_drafts\Air unconstrained iteration 4 GPT.txt,Air unconstrained iteration 4 GPT.txt,ChatGPT,Air Pollution,Unconstrained,4.0,Primary,False,1028,7.24,none,ai_draft
E:\Research paper\output\chatgpt_policy_drafts\Air unconstrained iteration 5 GPT.txt,Air unconstrained iteration 5 GPT.txt,ChatGPT,Air Pollution,Unconstrained,5.0,Primary,False,957,6.58,none,ai_draft
E:\Research paper\output\chatgpt_policy_drafts\Air unconstrained iteration 6 GPT.txt,Air unconstrained iteration 6 GPT.txt,ChatGPT,Air Pollution,Unconstrained,6.0,Primary,False,1039,7.13,none,ai_draft
E:\Research paper\output\chatgpt_policy_drafts\Air unconstrained iteration 7 GPT.txt,Air unconstrained iteration 7 GPT.txt,ChatGPT,Air Pollution,Unconstrained,7.0,Primary,False,1074,7.26,none,ai_draft
E:\Research paper\output\chatgpt_policy_drafts\Air unconstrained iteration 8 GPT.txt,Air unconstrained iteration 8 GPT.txt,ChatGPT,Air Pollution,Unconstrained,8.0,Primary,False,892,6.13,none,ai_draft
E:\Research paper\output\chatgpt_policy_drafts\Air unconstrained iteration 9 GPT.txt,Air unconstrained iteration 9 GPT.txt,ChatGPT,Air Pollution,Unconstrained,9.0,Primary,False,1020,7.02,none,ai_draft
E:\Research paper\output\chatgpt_policy_drafts\Air unconstratined iteration 1 GPT.txt,Air unconstratined iteration 1 GPT.txt,ChatGPT,Air Pollution,Unconstrained,1.0,Primary,False,1035,7.05,none,ai_draft
E:\Research paper\output\chatgpt_policy_drafts\DPDP innovatino iteration 5 GPT.txt,DPDP innovatino iteration 5 GPT.txt,ChatGPT,Data Protection,Innovation,5.0,Primary,False,1042,7.27,none,ai_draft
E:\Research paper\output\chatgpt_policy_drafts\DPDP innovation iteration 1 GPT.txt,DPDP innovation iteration 1 GPT.txt,ChatGPT,Data Protection,Innovation,1.0,Primary,False,1205,8.65,none,ai_draft
E:\Research paper\output\chatgpt_policy_drafts\DPDP innovation iteration 10 GPT.txt,DPDP innovation iteration 10 GPT.txt,ChatGPT,Data Protection,Innovation,10.0,Primary,False,1109,7.62,none,ai_draft
E:\Research paper\output\chatgpt_policy_drafts\DPDP innovation iteration 2 GPT.txt,DPDP innovation iteration 2 GPT.txt,ChatGPT,Data Protection,Innovation,2.0,Primary,False,1074,7.68,none,ai_draft
E:\Research paper\output\chatgpt_policy_drafts\DPDP innovation iteration 3 GPT.txt,DPDP innovation iteration 3 GPT.txt,ChatGPT,Data Protection,Innovation,3.0,Primary,False,952,6.82,none,ai_draft
E:\Research paper\output\chatgpt_policy_drafts\DPDP innovation iteration 4 GPT.txt,DPDP innovation iteration 4 GPT.txt,ChatGPT,Data Protection,Innovation,4.0,Primary,False,1040,7.71,none,ai_draft
E:\Research paper\output\chatgpt_policy_drafts\DPDP innovation iteration 6 GPT.txt,DPDP innovation iteration 6 GPT.txt,ChatGPT,Data Protection,Innovation,6.0,Primary,False,1081,7.69,none,ai_draft
E:\Research paper\output\chatgpt_policy_drafts\DPDP innovation iteration 7 GPT.txt,DPDP innovation iteration 7 GPT.txt,ChatGPT,Data Protection,Innovation,7.0,Primary,False,1042,7.6,none,ai_draft
E:\Research paper\output\chatgpt_policy_drafts\DPDP innovation iteration 8 GPT.txt,DPDP innovation iteration 8 GPT.txt,ChatGPT,Data Protection,Innovation,8.0,Primary,False,1103,7.59,none,ai_draft
E:\Research paper\output\chatgpt_policy_drafts\DPDP innovation iteration 9 GPT.txt,DPDP innovation iteration 9 GPT.txt,ChatGPT,Data Protection,Innovation,9.0,Primary,False,1087,7.92,none,ai_draft
E:\Research paper\output\chatgpt_policy_drafts\DPDP status quo iteration 1 GPT.txt,DPDP status quo iteration 1 GPT.txt,ChatGPT,Data Protection,Status Quo,1.0,Primary,False,1296,8.49,none,ai_draft
E:\Research paper\output\chatgpt_policy_drafts\DPDP status quo iteration 10 GPT.txt,DPDP status quo iteration 10 GPT.txt,ChatGPT,Data Protection,Status Quo,10.0,Primary,False,1063,7.1,none,ai_draft
E:\Research paper\output\chatgpt_policy_drafts\DPDP status quo iteration 2 GPT.txt,DPDP status quo iteration 2 GPT.txt,ChatGPT,Data Protection,Status Quo,2.0,Primary,False,1352,8.91,none,ai_draft
E:\Research paper\output\chatgpt_policy_drafts\DPDP status quo iteration 3 GPT.txt,DPDP status quo iteration 3 GPT.txt,ChatGPT,Data Protection,Status Quo,3.0,Primary,False,989,6.75,none,ai_draft
E:\Research paper\output\chatgpt_policy_drafts\DPDP status quo iteration 4 GPT.txt,DPDP status quo iteration 4 GPT.txt,ChatGPT,Data Protection,Status Quo,4.0,Primary,False,1107,7.47,none,ai_draft
E:\Research paper\output\chatgpt_policy_drafts\DPDP status quo iteration 5 GPT.txt,DPDP status quo iteration 5 GPT.txt,ChatGPT,Data Protection,Status Quo,5.0,Primary,False,1016,6.84,none,ai_draft
E:\Research paper\output\chatgpt_policy_drafts\DPDP status quo iteration 6 GPT.txt,DPDP status quo iteration 6 GPT.txt,ChatGPT,Data Protection,Status Quo,6.0,Primary,False,1194,7.79,none,ai_draft
E:\Research paper\output\chatgpt_policy_drafts\DPDP status quo iteration 7 GPT.txt,DPDP status quo iteration 7 GPT.txt,ChatGPT,Data Protection,Status Quo,7.0,Primary,False,1384,8.95,none,ai_draft
E:\Research paper\output\chatgpt_policy_drafts\DPDP status quo iteration 8 GPT.txt,DPDP status quo iteration 8 GPT.txt,ChatGPT,Data Protection,Status Quo,8.0,Primary,False,1188,7.87,none,ai_draft
E:\Research paper\output\chatgpt_policy_drafts\DPDP status quo iteration 9 GPT.txt,DPDP status quo iteration 9 GPT.txt,ChatGPT,Data Protection,Status Quo,9.0,Primary,False,1123,7.37,none,ai_draft
E:\Research paper\output\chatgpt_policy_drafts\DPDP unconstrained iteration 1 GPT.txt,DPDP unconstrained iteration 1 GPT.txt,ChatGPT,Data Protection,Unconstrained,1.0,Primary,False,965,6.45,none,ai_draft
E:\Research paper\output\chatgpt_policy_drafts\DPDP unconstrained iteration 10 GPT.txt,DPDP unconstrained iteration 10 GPT.txt,ChatGPT,Data Protection,Unconstrained,10.0,Primary,False,1132,7.71,none,ai_draft
E:\Research paper\output\chatgpt_policy_drafts\DPDP unconstrained iteration 2 GPT.txt,DPDP unconstrained iteration 2 GPT.txt,ChatGPT,Data Protection,Unconstrained,2.0,Primary,False,1238,8.4,none,ai_draft
E:\Research paper\output\chatgpt_policy_drafts\DPDP unconstrained iteration 3 GPT.txt,DPDP unconstrained iteration 3 GPT.txt,ChatGPT,Data Protection,Unconstrained,3.0,Primary,False,1138,7.69,none,ai_draft
E:\Research paper\output\chatgpt_policy_drafts\DPDP unconstrained iteration 4 GPT.txt,DPDP unconstrained iteration 4 GPT.txt,ChatGPT,Data Protection,Unconstrained,4.0,Primary,False,1082,7.37,none,ai_draft
E:\Research paper\output\chatgpt_policy_drafts\DPDP unconstrained iteration 5 GPT.txt,DPDP unconstrained iteration 5 GPT.txt,ChatGPT,Data Protection,Unconstrained,5.0,Primary,False,1216,8.27,none,ai_draft
E:\Research paper\output\chatgpt_policy_drafts\DPDP unconstrained iteration 6 GPT.txt,DPDP unconstrained iteration 6 GPT.txt,ChatGPT,Data Protection,Unconstrained,6.0,Primary,False,1170,7.93,none,ai_draft
E:\Research paper\output\chatgpt_policy_drafts\DPDP unconstrained iteration 7 GPT.txt,DPDP unconstrained iteration 7 GPT.txt,ChatGPT,Data Protection,Unconstrained,7.0,Primary,False,1247,8.43,none,ai_draft
E:\Research paper\output\chatgpt_policy_drafts\DPDP unconstrained iteration 8 GPT.txt,DPDP unconstrained iteration 8 GPT.txt,ChatGPT,Data Protection,Unconstrained,8.0,Primary,False,1284,8.84,none,ai_draft
E:\Research paper\output\chatgpt_policy_drafts\DPDP unconstrained iteration 9 GPT.txt,DPDP unconstrained iteration 9 GPT.txt,ChatGPT,Data Protection,Unconstrained,9.0,Primary,False,1292,8.73,none,ai_draft
E:\Research paper\output\chatgpt_policy_drafts\National innovation iteration 1 GPT.txt,National innovation iteration 1 GPT.txt,ChatGPT,National Security,Innovation,1.0,Primary,False,973,7.09,none,ai_draft
E:\Research paper\output\chatgpt_policy_drafts\National innovation iteration 10 GPT.txt,National innovation iteration 10 GPT.txt,ChatGPT,National Security,Innovation,10.0,Primary,False,1176,9.0,none,ai_draft
E:\Research paper\output\chatgpt_policy_drafts\National innovation iteration 2 GPT.txt,National innovation iteration 2 GPT.txt,ChatGPT,National Security,Innovation,2.0,Primary,False,1047,7.45,none,ai_draft
E:\Research paper\output\chatgpt_policy_drafts\National innovation iteration 3 GPT.txt,National innovation iteration 3 GPT.txt,ChatGPT,National Security,Innovation,3.0,Primary,False,983,7.1,none,ai_draft
E:\Research paper\output\chatgpt_policy_drafts\National innovation iteration 4 GPT.txt,National innovation iteration 4 GPT.txt,ChatGPT,National Security,Innovation,4.0,Primary,False,1071,7.63,none,ai_draft
E:\Research paper\output\chatgpt_policy_drafts\National innovation iteration 5 GPT.txt,National innovation iteration 5 GPT.txt,ChatGPT,National Security,Innovation,5.0,Primary,False,1252,8.99,none,ai_draft
E:\Research paper\output\chatgpt_policy_drafts\National innovation iteration 6 GPT.txt,National innovation iteration 6 GPT.txt,ChatGPT,National Security,Innovation,6.0,Primary,False,1176,8.35,none,ai_draft
E:\Research paper\output\chatgpt_policy_drafts\National innovation iteration 7 GPT.txt,National innovation iteration 7 GPT.txt,ChatGPT,National Security,Innovation,7.0,Primary,False,1057,7.7,none,ai_draft
E:\Research paper\output\chatgpt_policy_drafts\National innovation iteration 8 GPT.txt,National innovation iteration 8 GPT.txt,ChatGPT,National Security,Innovation,8.0,Primary,False,1138,8.14,none,ai_draft
E:\Research paper\output\chatgpt_policy_drafts\National innovation iteration 9 GPT.txt,National innovation iteration 9 GPT.txt,ChatGPT,National Security,Innovation,9.0,Primary,False,1120,8.31,none,ai_draft
E:\Research paper\output\chatgpt_policy_drafts\National status quo iteration 1 GPT.txt,National status quo iteration 1 GPT.txt,ChatGPT,National Security,Status Quo,1.0,Primary,False,1174,7.56,none,ai_draft
E:\Research paper\output\chatgpt_policy_drafts\National status quo iteration 10 GPT.txt,National status quo iteration 10 GPT.txt,ChatGPT,National Security,Status Quo,10.0,Primary,False,982,6.74,none,ai_draft
E:\Research paper\output\chatgpt_policy_drafts\National status quo iteration 2 GPT.txt,National status quo iteration 2 GPT.txt,ChatGPT,National Security,Status Quo,2.0,Primary,False,1089,6.99,none,ai_draft
E:\Research paper\output\chatgpt_policy_drafts\National status quo iteration 3 GPT.txt,National status quo iteration 3 GPT.txt,ChatGPT,National Security,Status Quo,3.0,Primary,False,1218,7.73,none,ai_draft
E:\Research paper\output\chatgpt_policy_drafts\National status quo iteration 4 GPT.txt,National status quo iteration 4 GPT.txt,ChatGPT,National Security,Status Quo,4.0,Primary,False,1058,6.92,none,ai_draft
E:\Research paper\output\chatgpt_policy_drafts\National status quo iteration 5 GPT.txt,National status quo iteration 5 GPT.txt,ChatGPT,National Security,Status Quo,5.0,Primary,False,943,6.39,none,ai_draft
E:\Research paper\output\chatgpt_policy_drafts\National status quo iteration 6 GPT.txt,National status quo iteration 6 GPT.txt,ChatGPT,National Security,Status Quo,6.0,Primary,False,1071,7.12,none,ai_draft
E:\Research paper\output\chatgpt_policy_drafts\National status quo iteration 7 GPT.txt,National status quo iteration 7 GPT.txt,ChatGPT,National Security,Status Quo,7.0,Primary,False,875,6.13,none,ai_draft
E:\Research paper\output\chatgpt_policy_drafts\National status quo iteration 8 GPT.txt,National status quo iteration 8 GPT.txt,ChatGPT,National Security,Status Quo,8.0,Primary,False,1118,7.38,none,ai_draft
E:\Research paper\output\chatgpt_policy_drafts\National status quo iteration 9 GPT.txt,National status quo iteration 9 GPT.txt,ChatGPT,National Security,Status Quo,9.0,Primary,False,1039,6.9,none,ai_draft
E:\Research paper\output\chatgpt_policy_drafts\National unconstrained iteration 1 GPT.txt,National unconstrained iteration 1 GPT.txt,ChatGPT,National Security,Unconstrained,1.0,Primary,False,1074,7.44,none,ai_draft
E:\Research paper\output\chatgpt_policy_drafts\National unconstrained iteration 10 GPT.txt,National unconstrained iteration 10 GPT.txt,ChatGPT,National Security,Unconstrained,10.0,Primary,False,905,6.33,none,ai_draft
E:\Research paper\output\chatgpt_policy_drafts\National unconstrained iteration 2 GPT.txt,National unconstrained iteration 2 GPT.txt,ChatGPT,National Security,Unconstrained,2.0,Primary,False,1070,7.39,none,ai_draft
E:\Research paper\output\chatgpt_policy_drafts\National unconstrained iteration 3 GPT.txt,National unconstrained iteration 3 GPT.txt,ChatGPT,National Security,Unconstrained,3.0,Primary,False,1059,7.28,none,ai_draft
E:\Research paper\output\chatgpt_policy_drafts\National unconstrained iteration 4 GPT.txt,National unconstrained iteration 4 GPT.txt,ChatGPT,National Security,Unconstrained,4.0,Primary,False,981,6.9,none,ai_draft
E:\Research paper\output\chatgpt_policy_drafts\National unconstrained iteration 5 GPT.txt,National unconstrained iteration 5 GPT.txt,ChatGPT,National Security,Unconstrained,5.0,Primary,False,1096,7.66,none,ai_draft
E:\Research paper\output\chatgpt_policy_drafts\National unconstrained iteration 6 GPT.txt,National unconstrained iteration 6 GPT.txt,ChatGPT,National Security,Unconstrained,6.0,Primary,False,996,6.76,none,ai_draft
E:\Research paper\output\chatgpt_policy_drafts\National unconstrained iteration 7 GPT.txt,National unconstrained iteration 7 GPT.txt,ChatGPT,National Security,Unconstrained,7.0,Primary,False,903,6.26,none,ai_draft
E:\Research paper\output\chatgpt_policy_drafts\National unconstrained iteration 8 GPT.txt,National unconstrained iteration 8 GPT.txt,ChatGPT,National Security,Unconstrained,8.0,Primary,False,1028,7.28,none,ai_draft
E:\Research paper\output\chatgpt_policy_drafts\National unconstrained iteration 9 GPT.txt,National unconstrained iteration 9 GPT.txt,ChatGPT,National Security,Unconstrained,9.0,Primary,False,1003,6.92,none,ai_draft
E:\Research paper\output\gemini_policy_drafts\Air innovation iteration 1 gemini.txt,Air innovation iteration 1 gemini.txt,Gemini,Air Pollution,Innovation,1.0,Primary,False,693,4.75,none,ai_draft
E:\Research paper\output\gemini_policy_drafts\Air innovation iteration 10 gemini.txt,Air innovation iteration 10 gemini.txt,Gemini,Air Pollution,Innovation,10.0,Primary,False,724,4.91,none,ai_draft
E:\Research paper\output\gemini_policy_drafts\Air innovation iteration 2 gemini.txt,Air innovation iteration 2 gemini.txt,Gemini,Air Pollution,Innovation,2.0,Primary,False,649,4.61,none,ai_draft
E:\Research paper\output\gemini_policy_drafts\Air innovation iteration 3 gemini.txt,Air innovation iteration 3 gemini.txt,Gemini,Air Pollution,Innovation,3.0,Primary,False,705,4.77,none,ai_draft
E:\Research paper\output\gemini_policy_drafts\Air innovation iteration 4 gemini.txt,Air innovation iteration 4 gemini.txt,Gemini,Air Pollution,Innovation,4.0,Primary,False,695,4.69,none,ai_draft
E:\Research paper\output\gemini_policy_drafts\Air innovation iteration 5 gemini.txt,Air innovation iteration 5 gemini.txt,Gemini,Air Pollution,Innovation,5.0,Primary,False,740,5.04,none,ai_draft
E:\Research paper\output\gemini_policy_drafts\Air innovation iteration 6 gemini.txt,Air innovation iteration 6 gemini.txt,Gemini,Air Pollution,Innovation,6.0,Primary,False,716,4.78,none,ai_draft
E:\Research paper\output\gemini_policy_drafts\Air innovation iteration 7 gemini.txt,Air innovation iteration 7 gemini.txt,Gemini,Air Pollution,Innovation,7.0,Primary,False,711,4.73,none,ai_draft
E:\Research paper\output\gemini_policy_drafts\Air innovation iteration 8 gemini.txt,Air innovation iteration 8 gemini.txt,Gemini,Air Pollution,Innovation,8.0,Primary,False,746,5.04,none,ai_draft
E:\Research paper\output\gemini_policy_drafts\Air innovation iteration 9 gemini.txt,Air innovation iteration 9 gemini.txt,Gemini,Air Pollution,Innovation,9.0,Primary,False,653,4.48,none,ai_draft
E:\Research paper\output\gemini_policy_drafts\Air status quo iteration 1 Gemini.txt,Air status quo iteration 1 Gemini.txt,Gemini,Air Pollution,Status Quo,1.0,Primary,False,821,5.35,none,ai_draft
E:\Research paper\output\gemini_policy_drafts\Air status quo iteration 10 gemini.txt,Air status quo iteration 10 gemini.txt,Gemini,Air Pollution,Status Quo,10.0,Primary,False,825,5.36,none,ai_draft
E:\Research paper\output\gemini_policy_drafts\Air status quo iteration 2 gemini.txt,Air status quo iteration 2 gemini.txt,Gemini,Air Pollution,Status Quo,2.0,Primary,False,884,5.56,none,ai_draft
E:\Research paper\output\gemini_policy_drafts\Air status quo iteration 3 gemini.txt,Air status quo iteration 3 gemini.txt,Gemini,Air Pollution,Status Quo,3.0,Primary,False,908,5.58,none,ai_draft
E:\Research paper\output\gemini_policy_drafts\Air status quo iteration 4 gemino.txt,Air status quo iteration 4 gemino.txt,Gemini,Air Pollution,Status Quo,4.0,Primary,False,827,5.17,none,ai_draft
E:\Research paper\output\gemini_policy_drafts\Air status quo iteration 5 gemini.txt,Air status quo iteration 5 gemini.txt,Gemini,Air Pollution,Status Quo,5.0,Primary,False,883,5.61,none,ai_draft
E:\Research paper\output\gemini_policy_drafts\Air status quo iteration 6 gemini.txt,Air status quo iteration 6 gemini.txt,Gemini,Air Pollution,Status Quo,6.0,Primary,False,813,5.11,none,ai_draft
E:\Research paper\output\gemini_policy_drafts\Air status quo iteration 7 gemini.txt,Air status quo iteration 7 gemini.txt,Gemini,Air Pollution,Status Quo,7.0,Primary,False,939,6.1,none,ai_draft
E:\Research paper\output\gemini_policy_drafts\Air status quo iteration 8 gemini.txt,Air status quo iteration 8 gemini.txt,Gemini,Air Pollution,Status Quo,8.0,Primary,False,914,5.63,none,ai_draft
E:\Research paper\output\gemini_policy_drafts\Air status quo iteration 9 gemini.txt,Air status quo iteration 9 gemini.txt,Gemini,Air Pollution,Status Quo,9.0,Primary,False,963,5.88,none,ai_draft
E:\Research paper\output\gemini_policy_drafts\Air unconstrained iteration 1 gemini.txt,Air unconstrained iteration 1 gemini.txt,Gemini,Air Pollution,Unconstrained,1.0,Primary,False,781,5.04,none,ai_draft
E:\Research paper\output\gemini_policy_drafts\Air unconstrained iteration 10 gemini.txt,Air unconstrained iteration 10 gemini.txt,Gemini,Air Pollution,Unconstrained,10.0,Primary,False,713,4.78,none,ai_draft
E:\Research paper\output\gemini_policy_drafts\Air unconstrained iteration 2 gemini.txt,Air unconstrained iteration 2 gemini.txt,Gemini,Air Pollution,Unconstrained,2.0,Primary,False,694,4.59,none,ai_draft
E:\Research paper\output\gemini_policy_drafts\Air unconstrained iteration 3 gemini.txt,Air unconstrained iteration 3 gemini.txt,Gemini,Air Pollution,Unconstrained,3.0,Primary,False,858,5.51,none,ai_draft
E:\Research paper\output\gemini_policy_drafts\Air unconstrained iteration 4 gemini.txt,Air unconstrained iteration 4 gemini.txt,Gemini,Air Pollution,Unconstrained,4.0,Primary,False,728,4.7,none,ai_draft
E:\Research paper\output\gemini_policy_drafts\Air unconstrained iteration 5 gemini.txt,Air unconstrained iteration 5 gemini.txt,Gemini,Air Pollution,Unconstrained,5.0,Primary,False,764,4.9,none,ai_draft
E:\Research paper\output\gemini_policy_drafts\Air unconstrained iteration 6 gemini.txt,Air unconstrained iteration 6 gemini.txt,Gemini,Air Pollution,Unconstrained,6.0,Primary,False,731,4.81,none,ai_draft
E:\Research paper\output\gemini_policy_drafts\Air unconstrained iteration 7 gemini.txt,Air unconstrained iteration 7 gemini.txt,Gemini,Air Pollution,Unconstrained,7.0,Primary,False,672,4.23,none,ai_draft
E:\Research paper\output\gemini_policy_drafts\Air unconstrained iteration 8 gemini.txt,Air unconstrained iteration 8 gemini.txt,Gemini,Air Pollution,Unconstrained,8.0,Primary,False,728,4.65,none,ai_draft
E:\Research paper\output\gemini_policy_drafts\Air unconstrained iteration 9 gemini.txt,Air unconstrained iteration 9 gemini.txt,Gemini,Air Pollution,Unconstrained,9.0,Primary,False,698,4.61,none,ai_draft
E:\Research paper\output\gemini_policy_drafts\DPDP innovation iteration 1.txt,DPDP innovation iteration 1.txt,Gemini,Data Protection,Innovation,1.0,Primary,False,715,4.88,none,ai_draft
E:\Research paper\output\gemini_policy_drafts\DPDP innovation iteration 10 gemini.txt,DPDP innovation iteration 10 gemini.txt,Gemini,Data Protection,Innovation,10.0,Primary,False,758,5.1,none,ai_draft
E:\Research paper\output\gemini_policy_drafts\DPDP innovation iteration 2 gemini.txt,DPDP innovation iteration 2 gemini.txt,Gemini,Data Protection,Innovation,2.0,Primary,False,769,5.09,none,ai_draft
E:\Research paper\output\gemini_policy_drafts\DPDP innovation iteration 3 gemini.txt,DPDP innovation iteration 3 gemini.txt,Gemini,Data Protection,Innovation,3.0,Primary,False,787,5.26,none,ai_draft
E:\Research paper\output\gemini_policy_drafts\DPDP innovation iteration 4 gemini.txt,DPDP innovation iteration 4 gemini.txt,Gemini,Data Protection,Innovation,4.0,Primary,False,748,4.91,none,ai_draft
E:\Research paper\output\gemini_policy_drafts\DPDP innovation iteration 5 gemini.txt,DPDP innovation iteration 5 gemini.txt,Gemini,Data Protection,Innovation,5.0,Primary,False,827,5.52,none,ai_draft
E:\Research paper\output\gemini_policy_drafts\DPDP innovation iteration 6 gemini.txt,DPDP innovation iteration 6 gemini.txt,Gemini,Data Protection,Innovation,6.0,Primary,False,779,5.19,none,ai_draft
E:\Research paper\output\gemini_policy_drafts\DPDP innovation iteration 7 gemini.txt,DPDP innovation iteration 7 gemini.txt,Gemini,Data Protection,Innovation,7.0,Primary,False,623,4.2,none,ai_draft
E:\Research paper\output\gemini_policy_drafts\DPDP innovation iteration 8 gemini.txt,DPDP innovation iteration 8 gemini.txt,Gemini,Data Protection,Innovation,8.0,Primary,False,749,5.06,none,ai_draft
E:\Research paper\output\gemini_policy_drafts\DPDP innovation iteration 9 Gemini.txt,DPDP innovation iteration 9 Gemini.txt,Gemini,Data Protection,Innovation,9.0,Primary,False,707,4.89,none,ai_draft
E:\Research paper\output\gemini_policy_drafts\DPDP status quo iteration 1.txt,DPDP status quo iteration 1.txt,Gemini,Data Protection,Status Quo,1.0,Primary,False,968,6.0,none,ai_draft
E:\Research paper\output\gemini_policy_drafts\DPDP status quo iteration 10 gemini.txt,DPDP status quo iteration 10 gemini.txt,Gemini,Data Protection,Status Quo,10.0,Primary,False,1185,7.3,none,ai_draft
E:\Research paper\output\gemini_policy_drafts\DPDP status quo iteration 2 gemini.txt,DPDP status quo iteration 2 gemini.txt,Gemini,Data Protection,Status Quo,2.0,Primary,False,946,5.79,none,ai_draft
E:\Research paper\output\gemini_policy_drafts\DPDP status quo iteration 3 gemini.txt,DPDP status quo iteration 3 gemini.txt,Gemini,Data Protection,Status Quo,3.0,Primary,False,996,6.16,none,ai_draft
E:\Research paper\output\gemini_policy_drafts\DPDP status quo iteration 4 gemini.txt,DPDP status quo iteration 4 gemini.txt,Gemini,Data Protection,Status Quo,4.0,Primary,False,874,5.36,none,ai_draft
E:\Research paper\output\gemini_policy_drafts\DPDP status quo iteration 5 gemini.txt,DPDP status quo iteration 5 gemini.txt,Gemini,Data Protection,Status Quo,5.0,Primary,False,857,5.25,none,ai_draft
E:\Research paper\output\gemini_policy_drafts\DPDP status quo iteration 6 gemini.txt,DPDP status quo iteration 6 gemini.txt,Gemini,Data Protection,Status Quo,6.0,Primary,False,1004,6.2,none,ai_draft
E:\Research paper\output\gemini_policy_drafts\DPDP status quo iteration 7 gemini.txt,DPDP status quo iteration 7 gemini.txt,Gemini,Data Protection,Status Quo,7.0,Primary,False,1096,6.58,none,ai_draft
E:\Research paper\output\gemini_policy_drafts\DPDP status quo iteration 8 gemini.txt,DPDP status quo iteration 8 gemini.txt,Gemini,Data Protection,Status Quo,8.0,Primary,False,1032,6.3,none,ai_draft
E:\Research paper\output\gemini_policy_drafts\DPDP status quo iteration 9 gemini.txt,DPDP status quo iteration 9 gemini.txt,Gemini,Data Protection,Status Quo,9.0,Primary,False,929,5.67,none,ai_draft
E:\Research paper\output\gemini_policy_drafts\DPDP unconstrained iteration 1.txt,DPDP unconstrained iteration 1.txt,Gemini,Data Protection,Unconstrained,1.0,Primary,False,811,5.07,none,ai_draft
E:\Research paper\output\gemini_policy_drafts\DPDP unconstrained iteration 10 gemini.txt,DPDP unconstrained iteration 10 gemini.txt,Gemini,Data Protection,Unconstrained,10.0,Primary,False,966,6.04,none,ai_draft
E:\Research paper\output\gemini_policy_drafts\DPDP unconstrained iteration 2 gemini.txt,DPDP unconstrained iteration 2 gemini.txt,Gemini,Data Protection,Unconstrained,2.0,Primary,False,963,5.96,none,ai_draft
E:\Research paper\output\gemini_policy_drafts\DPDP unconstrained iteration 3 gemini.txt,DPDP unconstrained iteration 3 gemini.txt,Gemini,Data Protection,Unconstrained,3.0,Primary,False,901,5.58,none,ai_draft
E:\Research paper\output\gemini_policy_drafts\DPDP unconstrained iteration 4 gemini.txt,DPDP unconstrained iteration 4 gemini.txt,Gemini,Data Protection,Unconstrained,4.0,Primary,False,964,6.03,none,ai_draft
E:\Research paper\output\gemini_policy_drafts\DPDP unconstrained iteration 5 gemini.txt,DPDP unconstrained iteration 5 gemini.txt,Gemini,Data Protection,Unconstrained,5.0,Primary,False,695,4.31,none,ai_draft
E:\Research paper\output\gemini_policy_drafts\DPDP unconstrained iteration 6 gemini.txt,DPDP unconstrained iteration 6 gemini.txt,Gemini,Data Protection,Unconstrained,6.0,Primary,False,838,5.18,none,ai_draft
E:\Research paper\output\gemini_policy_drafts\DPDP unconstrained iteration 7 gemini.txt,DPDP unconstrained iteration 7 gemini.txt,Gemini,Data Protection,Unconstrained,7.0,Primary,False,867,5.37,none,ai_draft
E:\Research paper\output\gemini_policy_drafts\DPDP unconstrained iteration 8 gemini_.txt,DPDP unconstrained iteration 8 gemini_.txt,Gemini,Data Protection,Unconstrained,8.0,Primary,False,1028,6.43,none,ai_draft
E:\Research paper\output\gemini_policy_drafts\DPDP unconstrained iteration 9 gemini.txt,DPDP unconstrained iteration 9 gemini.txt,Gemini,Data Protection,Unconstrained,9.0,Primary,False,921,5.71,none,ai_draft
E:\Research paper\output\gemini_policy_drafts\National innovation iteration 1 gemini.txt,National innovation iteration 1 gemini.txt,Gemini,National Security,Innovation,1.0,Primary,False,633,4.2,none,ai_draft
E:\Research paper\output\gemini_policy_drafts\National innovation iteration 10 gemini.txt,National innovation iteration 10 gemini.txt,Gemini,National Security,Innovation,10.0,Primary,False,773,5.06,none,ai_draft
E:\Research paper\output\gemini_policy_drafts\National innovation iteration 2 gemini.txt,National innovation iteration 2 gemini.txt,Gemini,National Security,Innovation,2.0,Primary,False,776,5.2,none,ai_draft
E:\Research paper\output\gemini_policy_drafts\National innovation iteration 3 gemini.txt,National innovation iteration 3 gemini.txt,Gemini,National Security,Innovation,3.0,Primary,False,792,5.27,none,ai_draft
E:\Research paper\output\gemini_policy_drafts\National innovation iteration 4 gemini.txt,National innovation iteration 4 gemini.txt,Gemini,National Security,Innovation,4.0,Primary,False,823,5.62,none,ai_draft
E:\Research paper\output\gemini_policy_drafts\National innovation iteration 5 gemini.txt,National innovation iteration 5 gemini.txt,Gemini,National Security,Innovation,5.0,Primary,False,704,4.77,none,ai_draft
E:\Research paper\output\gemini_policy_drafts\National innovation iteration 6 gemini.txt,National innovation iteration 6 gemini.txt,Gemini,National Security,Innovation,6.0,Primary,False,894,6.04,none,ai_draft
E:\Research paper\output\gemini_policy_drafts\National innovation iteration 7 gemini.txt,National innovation iteration 7 gemini.txt,Gemini,National Security,Innovation,7.0,Primary,False,733,5.03,none,ai_draft
E:\Research paper\output\gemini_policy_drafts\National innovation iteration 8 gemini.txt,National innovation iteration 8 gemini.txt,Gemini,National Security,Innovation,8.0,Primary,False,740,4.84,none,ai_draft
E:\Research paper\output\gemini_policy_drafts\National innovation iteration 9 gemini.txt,National innovation iteration 9 gemini.txt,Gemini,National Security,Innovation,9.0,Primary,False,798,5.38,none,ai_draft
E:\Research paper\output\gemini_policy_drafts\National status quo iteration 1 gemini.txt,National status quo iteration 1 gemini.txt,Gemini,National Security,Status Quo,1.0,Primary,False,1197,7.18,none,ai_draft
E:\Research paper\output\gemini_policy_drafts\National status quo iteration 10 gemini.txt,National status quo iteration 10 gemini.txt,Gemini,National Security,Status Quo,10.0,Primary,False,1218,7.29,none,ai_draft
E:\Research paper\output\gemini_policy_drafts\National status quo iteration 2 gemini.txt,National status quo iteration 2 gemini.txt,Gemini,National Security,Status Quo,2.0,Primary,False,759,4.77,none,ai_draft
E:\Research paper\output\gemini_policy_drafts\National status quo iteration 3 gemini.txt,National status quo iteration 3 gemini.txt,Gemini,National Security,Status Quo,3.0,Primary,False,1239,7.47,none,ai_draft
E:\Research paper\output\gemini_policy_drafts\National status quo iteration 4 gemini.txt,National status quo iteration 4 gemini.txt,Gemini,National Security,Status Quo,4.0,Primary,False,825,4.97,none,ai_draft
E:\Research paper\output\gemini_policy_drafts\National status quo iteration 5 gemini.txt,National status quo iteration 5 gemini.txt,Gemini,National Security,Status Quo,5.0,Primary,False,974,5.98,none,ai_draft
E:\Research paper\output\gemini_policy_drafts\National status quo iteration 6 gemini.txt,National status quo iteration 6 gemini.txt,Gemini,National Security,Status Quo,6.0,Primary,False,1230,7.3,none,ai_draft
E:\Research paper\output\gemini_policy_drafts\National status quo iteration 7 gemini.txt,National status quo iteration 7 gemini.txt,Gemini,National Security,Status Quo,7.0,Primary,False,1402,8.33,none,ai_draft
E:\Research paper\output\gemini_policy_drafts\National status quo iteration 8 gemini.txt,National status quo iteration 8 gemini.txt,Gemini,National Security,Status Quo,8.0,Primary,False,1090,6.54,none,ai_draft
E:\Research paper\output\gemini_policy_drafts\National status quo iteration 9 gemini.txt,National status quo iteration 9 gemini.txt,Gemini,National Security,Status Quo,9.0,Primary,False,1080,6.59,none,ai_draft
E:\Research paper\output\gemini_policy_drafts\National unconstrained iteration 1 gemini.txt,National unconstrained iteration 1 gemini.txt,Gemini,National Security,Unconstrained,1.0,Primary,False,745,4.71,none,ai_draft
E:\Research paper\output\gemini_policy_drafts\National unconstrained iteration 10 gemini.txt,National unconstrained iteration 10 gemini.txt,Gemini,National Security,Unconstrained,10.0,Primary,False,891,5.67,none,ai_draft
E:\Research paper\output\gemini_policy_drafts\National unconstrained iteration 2 gemini.txt,National unconstrained iteration 2 gemini.txt,Gemini,National Security,Unconstrained,2.0,Primary,False,750,4.9,none,ai_draft
E:\Research paper\output\gemini_policy_drafts\National unconstrained iteration 3 gemini.txt,National unconstrained iteration 3 gemini.txt,Gemini,National Security,Unconstrained,3.0,Primary,False,686,4.5,none,ai_draft
E:\Research paper\output\gemini_policy_drafts\National unconstrained iteration 4 gemini.txt,National unconstrained iteration 4 gemini.txt,Gemini,National Security,Unconstrained,4.0,Primary,False,851,5.38,none,ai_draft
E:\Research paper\output\gemini_policy_drafts\National unconstrained iteration 5 gemini.txt,National unconstrained iteration 5 gemini.txt,Gemini,National Security,Unconstrained,5.0,Primary,False,662,4.23,none,ai_draft
E:\Research paper\output\gemini_policy_drafts\National unconstrained iteration 6 gemini.txt,National unconstrained iteration 6 gemini.txt,Gemini,National Security,Unconstrained,6.0,Primary,False,655,4.45,none,ai_draft
E:\Research paper\output\gemini_policy_drafts\National unconstrained iteration 7 gemini.txt,National unconstrained iteration 7 gemini.txt,Gemini,National Security,Unconstrained,7.0,Primary,False,957,6.12,none,ai_draft
E:\Research paper\output\gemini_policy_drafts\National unconstrained iteration 8 gemini.txt,National unconstrained iteration 8 gemini.txt,Gemini,National Security,Unconstrained,8.0,Primary,False,816,5.29,none,ai_draft
E:\Research paper\output\gemini_policy_drafts\National unconstrained iteration 9 gemini.txt,National unconstrained iteration 9 gemini.txt,Gemini,National Security,Unconstrained,9.0,Primary,False,919,5.84,none,ai_draft
E:\Research paper\output\sarvam_policy_drafts\Air innovation iteration 1 sarvam.txt,Air innovation iteration 1 sarvam.txt,Sarvam,Air Pollution,Innovation,1.0,Supplementary,False,2599,16.59,none,ai_draft
E:\Research paper\output\sarvam_policy_drafts\Air innovation iteration 10 sarvam.txt,Air innovation iteration 10 sarvam.txt,Sarvam,Air Pollution,Innovation,10.0,Supplementary,False,2166,14.09,none,ai_draft
E:\Research paper\output\sarvam_policy_drafts\Air innovation iteration 2 sarvam.txt,Air innovation iteration 2 sarvam.txt,Sarvam,Air Pollution,Innovation,2.0,Supplementary,False,1454,9.8,none,ai_draft
E:\Research paper\output\sarvam_policy_drafts\Air innovation iteration 3 sarvam.txt,Air innovation iteration 3 sarvam.txt,Sarvam,Air Pollution,Innovation,3.0,Supplementary,False,1436,9.43,none,ai_draft
E:\Research paper\output\sarvam_policy_drafts\Air innovation iteration 4 sarvam.txt,Air innovation iteration 4 sarvam.txt,Sarvam,Air Pollution,Innovation,4.0,Supplementary,False,1880,12.5,none,ai_draft
E:\Research paper\output\sarvam_policy_drafts\Air innovation iteration 6 sarvam.txt,Air innovation iteration 6 sarvam.txt,Sarvam,Air Pollution,Innovation,6.0,Supplementary,False,2040,13.0,none,ai_draft
E:\Research paper\output\sarvam_policy_drafts\Air innovation iteration 7 sarvam.txt,Air innovation iteration 7 sarvam.txt,Sarvam,Air Pollution,Innovation,7.0,Supplementary,False,1827,11.62,none,ai_draft
E:\Research paper\output\sarvam_policy_drafts\Air innovation iteration 9 sarvam.txt,Air innovation iteration 9 sarvam.txt,Sarvam,Air Pollution,Innovation,9.0,Supplementary,False,2385,15.5,none,ai_draft
E:\Research paper\output\sarvam_policy_drafts\Air status quo iteration 1 sarvam.txt,Air status quo iteration 1 sarvam.txt,Sarvam,Air Pollution,Status Quo,1.0,Supplementary,False,2333,14.69,none,ai_draft
E:\Research paper\output\sarvam_policy_drafts\Air status quo iteration 10 sarvam.txt,Air status quo iteration 10 sarvam.txt,Sarvam,Air Pollution,Status Quo,10.0,Supplementary,False,2278,14.42,none,ai_draft
E:\Research paper\output\sarvam_policy_drafts\Air status quo iteration 2 sarvam.txt,Air status quo iteration 2 sarvam.txt,Sarvam,Air Pollution,Status Quo,2.0,Supplementary,False,1917,12.53,none,ai_draft
E:\Research paper\output\sarvam_policy_drafts\Air status quo iteration 3 sarvam.txt,Air status quo iteration 3 sarvam.txt,Sarvam,Air Pollution,Status Quo,3.0,Supplementary,False,3146,19.97,none,ai_draft
E:\Research paper\output\sarvam_policy_drafts\Air status quo iteration 4 sarvam.txt,Air status quo iteration 4 sarvam.txt,Sarvam,Air Pollution,Status Quo,4.0,Supplementary,False,2124,13.51,none,ai_draft
E:\Research paper\output\sarvam_policy_drafts\Air status quo iteration 5 sarvam.txt,Air status quo iteration 5 sarvam.txt,Sarvam,Air Pollution,Status Quo,5.0,Supplementary,False,2266,14.45,none,ai_draft
E:\Research paper\output\sarvam_policy_drafts\Air status quo iteration 6 sarvam.txt,Air status quo iteration 6 sarvam.txt,Sarvam,Air Pollution,Status Quo,6.0,Supplementary,False,1275,8.63,none,ai_draft
E:\Research paper\output\sarvam_policy_drafts\Air status quo iteration 8 sarvam.txt,Air status quo iteration 8 sarvam.txt,Sarvam,Air Pollution,Status Quo,8.0,Supplementary,False,2227,14.04,none,ai_draft
E:\Research paper\output\sarvam_policy_drafts\Air status quo iteration 9 sarvam.txt,Air status quo iteration 9 sarvam.txt,Sarvam,Air Pollution,Status Quo,9.0,Supplementary,False,88,0.56,under_3KB|refusal_detected|very_short_output,ai_draft
E:\Research paper\output\sarvam_policy_drafts\Air unconstrained iteration 1 sarvam.txt,Air unconstrained iteration 1 sarvam.txt,Sarvam,Air Pollution,Unconstrained,1.0,Supplementary,False,2106,13.15,none,ai_draft
E:\Research paper\output\sarvam_policy_drafts\Air unconstrained iteration 10 sarvam.txt,Air unconstrained iteration 10 sarvam.txt,Sarvam,Air Pollution,Unconstrained,10.0,Supplementary,False,1959,12.65,none,ai_draft
E:\Research paper\output\sarvam_policy_drafts\Air unconstrained iteration 2 sarvam.txt,Air unconstrained iteration 2 sarvam.txt,Sarvam,Air Pollution,Unconstrained,2.0,Supplementary,False,2452,15.66,none,ai_draft
E:\Research paper\output\sarvam_policy_drafts\Air unconstrained iteration 3 sarvam.txt,Air unconstrained iteration 3 sarvam.txt,Sarvam,Air Pollution,Unconstrained,3.0,Supplementary,False,1971,13.26,none,ai_draft
E:\Research paper\output\sarvam_policy_drafts\Air unconstrained iteration 4 sarvam.txt,Air unconstrained iteration 4 sarvam.txt,Sarvam,Air Pollution,Unconstrained,4.0,Supplementary,False,1501,9.09,none,ai_draft
E:\Research paper\output\sarvam_policy_drafts\Air unconstrained iteration 5 sarvam.txt,Air unconstrained iteration 5 sarvam.txt,Sarvam,Air Pollution,Unconstrained,5.0,Supplementary,False,2025,12.61,none,ai_draft
E:\Research paper\output\sarvam_policy_drafts\Air unconstrained iteration 7 sarvam.txt,Air unconstrained iteration 7 sarvam.txt,Sarvam,Air Pollution,Unconstrained,7.0,Supplementary,False,2200,14.45,none,ai_draft
E:\Research paper\output\sarvam_policy_drafts\Air unconstrained iteration 8 sarvam.txt,Air unconstrained iteration 8 sarvam.txt,Sarvam,Air Pollution,Unconstrained,8.0,Supplementary,False,1962,12.59,none,ai_draft
E:\Research paper\output\sarvam_policy_drafts\Air unconstrained iteration 9 sarvam.txt,Air unconstrained iteration 9 sarvam.txt,Sarvam,Air Pollution,Unconstrained,9.0,Supplementary,False,1369,9.17,none,ai_draft
E:\Research paper\output\sarvam_policy_drafts\DPDP innovation iteration 1 sarvam.txt,DPDP innovation iteration 1 sarvam.txt,Sarvam,Data Protection,Innovation,1.0,Supplementary,False,3129,20.45,none,ai_draft
E:\Research paper\output\sarvam_policy_drafts\DPDP innovation iteration 10 sarvam.txt,DPDP innovation iteration 10 sarvam.txt,Sarvam,Data Protection,Innovation,10.0,Supplementary,False,2579,16.92,none,ai_draft
E:\Research paper\output\sarvam_policy_drafts\DPDP innovation iteration 4 sarvam.txt,DPDP innovation iteration 4 sarvam.txt,Sarvam,Data Protection,Innovation,4.0,Supplementary,False,3261,22.21,none,ai_draft
E:\Research paper\output\sarvam_policy_drafts\DPDP innovation iteration 5 sarvam.txt,DPDP innovation iteration 5 sarvam.txt,Sarvam,Data Protection,Innovation,5.0,Supplementary,False,3404,22.57,none,ai_draft
E:\Research paper\output\sarvam_policy_drafts\DPDP innovation iteration 6 sarvam.txt,DPDP innovation iteration 6 sarvam.txt,Sarvam,Data Protection,Innovation,6.0,Supplementary,False,1702,11.56,none,ai_draft
E:\Research paper\output\sarvam_policy_drafts\DPDP innovation iteration 7 sarvam.txt,DPDP innovation iteration 7 sarvam.txt,Sarvam,Data Protection,Innovation,7.0,Supplementary,False,1373,9.38,none,ai_draft
E:\Research paper\output\sarvam_policy_drafts\DPDP innovation iteration 8 sarvam.txt,DPDP innovation iteration 8 sarvam.txt,Sarvam,Data Protection,Innovation,8.0,Supplementary,False,2560,17.55,none,ai_draft
E:\Research paper\output\sarvam_policy_drafts\DPDP innovation iteration 9 sarvam.txt,DPDP innovation iteration 9 sarvam.txt,Sarvam,Data Protection,Innovation,9.0,Supplementary,False,2647,17.86,none,ai_draft
E:\Research paper\output\sarvam_policy_drafts\DPDP status quo iteration 1 sarvam.txt,DPDP status quo iteration 1 sarvam.txt,Sarvam,Data Protection,Status Quo,1.0,Supplementary,False,3142,19.01,none,ai_draft
E:\Research paper\output\sarvam_policy_drafts\DPDP status quo iteration 10 sarvam.txt,DPDP status quo iteration 10 sarvam.txt,Sarvam,Data Protection,Status Quo,10.0,Supplementary,False,2068,12.63,none,ai_draft
E:\Research paper\output\sarvam_policy_drafts\DPDP status quo iteration 2 sarvam.txt,DPDP status quo iteration 2 sarvam.txt,Sarvam,Data Protection,Status Quo,2.0,Supplementary,False,2330,14.86,none,ai_draft
E:\Research paper\output\sarvam_policy_drafts\DPDP status quo iteration 3 sarvam.txt,DPDP status quo iteration 3 sarvam.txt,Sarvam,Data Protection,Status Quo,3.0,Supplementary,False,2679,16.52,none,ai_draft
E:\Research paper\output\sarvam_policy_drafts\DPDP status quo iteration 4 sarvam.txt,DPDP status quo iteration 4 sarvam.txt,Sarvam,Data Protection,Status Quo,4.0,Supplementary,False,2188,13.49,none,ai_draft
E:\Research paper\output\sarvam_policy_drafts\DPDP status quo iteration 5 sarvam.txt,DPDP status quo iteration 5 sarvam.txt,Sarvam,Data Protection,Status Quo,5.0,Supplementary,False,3587,22.04,none,ai_draft
E:\Research paper\output\sarvam_policy_drafts\DPDP status quo iteration 6 sarvam.txt,DPDP status quo iteration 6 sarvam.txt,Sarvam,Data Protection,Status Quo,6.0,Supplementary,False,1722,10.52,none,ai_draft
E:\Research paper\output\sarvam_policy_drafts\DPDP status quo iteration 7 sarvam.txt,DPDP status quo iteration 7 sarvam.txt,Sarvam,Data Protection,Status Quo,7.0,Supplementary,False,2175,13.61,none,ai_draft
E:\Research paper\output\sarvam_policy_drafts\DPDP status quo iteration 8 sarvam.txt,DPDP status quo iteration 8 sarvam.txt,Sarvam,Data Protection,Status Quo,8.0,Supplementary,False,2754,16.84,none,ai_draft
E:\Research paper\output\sarvam_policy_drafts\DPDP status quo iteration 9 sarvam.txt,DPDP status quo iteration 9 sarvam.txt,Sarvam,Data Protection,Status Quo,9.0,Supplementary,False,1991,12.21,none,ai_draft
E:\Research paper\output\sarvam_policy_drafts\DPDP unconstrained iteration 1 sarvam.txt,DPDP unconstrained iteration 1 sarvam.txt,Sarvam,Data Protection,Unconstrained,1.0,Supplementary,False,3325,21.22,none,ai_draft
E:\Research paper\output\sarvam_policy_drafts\DPDP unconstrained iteration 10 sarvam.txt,DPDP unconstrained iteration 10 sarvam.txt,Sarvam,Data Protection,Unconstrained,10.0,Supplementary,False,3235,19.46,none,ai_draft
E:\Research paper\output\sarvam_policy_drafts\DPDP unconstrained iteration 2 sarvam.txt,DPDP unconstrained iteration 2 sarvam.txt,Sarvam,Data Protection,Unconstrained,2.0,Supplementary,False,2206,14.24,none,ai_draft
E:\Research paper\output\sarvam_policy_drafts\DPDP unconstrained iteration 4 sarvam.txt,DPDP unconstrained iteration 4 sarvam.txt,Sarvam,Data Protection,Unconstrained,4.0,Supplementary,False,3013,19.01,none,ai_draft
E:\Research paper\output\sarvam_policy_drafts\DPDP unconstrained iteration 5 sarvam.txt,DPDP unconstrained iteration 5 sarvam.txt,Sarvam,Data Protection,Unconstrained,5.0,Supplementary,False,2665,17.22,none,ai_draft
E:\Research paper\output\sarvam_policy_drafts\DPDP unconstrained iteration 6 sarvam.txt,DPDP unconstrained iteration 6 sarvam.txt,Sarvam,Data Protection,Unconstrained,6.0,Supplementary,False,3428,22.8,none,ai_draft
E:\Research paper\output\sarvam_policy_drafts\DPDP unconstrained iteration 7 sarvam.txt,DPDP unconstrained iteration 7 sarvam.txt,Sarvam,Data Protection,Unconstrained,7.0,Supplementary,False,3280,21.27,none,ai_draft
E:\Research paper\output\sarvam_policy_drafts\DPDP unconstrained iteration 8 sarvam.txt,DPDP unconstrained iteration 8 sarvam.txt,Sarvam,Data Protection,Unconstrained,8.0,Supplementary,False,3576,22.47,none,ai_draft
E:\Research paper\output\sarvam_policy_drafts\National innovation iteration 1 sarvam.txt,National innovation iteration 1 sarvam.txt,Sarvam,National Security,Innovation,1.0,Supplementary,True,98,0.8,under_3KB|refusal_detected|very_short_output,ai_draft
E:\Research paper\output\sarvam_policy_drafts\National innovation iteration 10 sarvam.txt,National innovation iteration 10 sarvam.txt,Sarvam,National Security,Innovation,10.0,Supplementary,False,2049,13.83,none,ai_draft
E:\Research paper\output\sarvam_policy_drafts\National innovation iteration 2 sarvam.txt,National innovation iteration 2 sarvam.txt,Sarvam,National Security,Innovation,2.0,Supplementary,True,137,0.99,under_3KB|refusal_detected,ai_draft
E:\Research paper\output\sarvam_policy_drafts\National innovation iteration 3 sarvam.txt,National innovation iteration 3 sarvam.txt,Sarvam,National Security,Innovation,3.0,Supplementary,False,2253,14.43,none,ai_draft
E:\Research paper\output\sarvam_policy_drafts\National innovation iteration 4 sarvam.txt,National innovation iteration 4 sarvam.txt,Sarvam,National Security,Innovation,4.0,Supplementary,False,2608,18.54,none,ai_draft
E:\Research paper\output\sarvam_policy_drafts\National innovation iteration 5 sarvam.txt,National innovation iteration 5 sarvam.txt,Sarvam,National Security,Innovation,5.0,Supplementary,False,2256,15.24,none,ai_draft
E:\Research paper\output\sarvam_policy_drafts\National innovation iteration 6 sarvam.txt,National innovation iteration 6 sarvam.txt,Sarvam,National Security,Innovation,6.0,Supplementary,True,118,0.89,under_3KB|refusal_detected,ai_draft
E:\Research paper\output\sarvam_policy_drafts\National innovation iteration 7 sarvam.txt,National innovation iteration 7 sarvam.txt,Sarvam,National Security,Innovation,7.0,Supplementary,True,113,0.8,under_3KB|refusal_detected,ai_draft
E:\Research paper\output\sarvam_policy_drafts\National innovation iteration 8 sarvam.txt,National innovation iteration 8 sarvam.txt,Sarvam,National Security,Innovation,8.0,Supplementary,False,1487,9.84,none,ai_draft
E:\Research paper\output\sarvam_policy_drafts\National innovation iteration 9 sarvam.txt,National innovation iteration 9 sarvam.txt,Sarvam,National Security,Innovation,9.0,Supplementary,False,1293,9.63,none,ai_draft
E:\Research paper\output\sarvam_policy_drafts\National status quo iteration 1 sarvam.txt,National status quo iteration 1 sarvam.txt,Sarvam,National Security,Status Quo,1.0,Supplementary,False,1298,7.96,none,ai_draft
E:\Research paper\output\sarvam_policy_drafts\National status quo iteration 10 sarvam.txt,National status quo iteration 10 sarvam.txt,Sarvam,National Security,Status Quo,10.0,Supplementary,True,100,0.67,under_3KB|refusal_detected,ai_draft
E:\Research paper\output\sarvam_policy_drafts\National status quo iteration 3 sarvam.txt,National status quo iteration 3 sarvam.txt,Sarvam,National Security,Status Quo,3.0,Supplementary,False,2394,14.45,none,ai_draft
E:\Research paper\output\sarvam_policy_drafts\National status quo iteration 4 sarvam.txt,National status quo iteration 4 sarvam.txt,Sarvam,National Security,Status Quo,4.0,Supplementary,False,1794,11.24,none,ai_draft
E:\Research paper\output\sarvam_policy_drafts\National status quo iteration 5 sarvam.txt,National status quo iteration 5 sarvam.txt,Sarvam,National Security,Status Quo,5.0,Supplementary,False,1507,9.29,none,ai_draft
E:\Research paper\output\sarvam_policy_drafts\National status quo iteration 6 sarvam.txt,National status quo iteration 6 sarvam.txt,Sarvam,National Security,Status Quo,6.0,Supplementary,False,2126,13.14,none,ai_draft
E:\Research paper\output\sarvam_policy_drafts\National status quo iteration 7 sarvam.txt,National status quo iteration 7 sarvam.txt,Sarvam,National Security,Status Quo,7.0,Supplementary,False,2437,14.86,none,ai_draft
E:\Research paper\output\sarvam_policy_drafts\National status quo iteration 8 sarvam.txt,National status quo iteration 8 sarvam.txt,Sarvam,National Security,Status Quo,8.0,Supplementary,False,1883,11.36,none,ai_draft
E:\Research paper\output\sarvam_policy_drafts\National status quo iteration 9 sarvam.txt,National status quo iteration 9 sarvam.txt,Sarvam,National Security,Status Quo,9.0,Supplementary,False,2791,17.18,none,ai_draft
E:\Research paper\output\sarvam_policy_drafts\National unconstrained iteration 1 sarvam.txt,National unconstrained iteration 1 sarvam.txt,Sarvam,National Security,Unconstrained,1.0,Supplementary,True,93,0.67,under_3KB|refusal_detected|very_short_output,ai_draft
E:\Research paper\output\sarvam_policy_drafts\National unconstrained iteration 10 sarvam.txt,National unconstrained iteration 10 sarvam.txt,Sarvam,National Security,Unconstrained,10.0,Supplementary,True,102,0.72,under_3KB|refusal_detected,ai_draft
E:\Research paper\output\sarvam_policy_drafts\National unconstrained iteration 2 sarvam.txt,National unconstrained iteration 2 sarvam.txt,Sarvam,National Security,Unconstrained,2.0,Supplementary,False,1732,11.92,none,ai_draft
E:\Research paper\output\sarvam_policy_drafts\National unconstrained iteration 3 sarvam.txt,National unconstrained iteration 3 sarvam.txt,Sarvam,National Security,Unconstrained,3.0,Supplementary,False,1568,10.53,none,ai_draft
E:\Research paper\output\sarvam_policy_drafts\National unconstrained iteration 4 sarvam.txt,National unconstrained iteration 4 sarvam.txt,Sarvam,National Security,Unconstrained,4.0,Supplementary,False,95,0.7,under_3KB|very_short_output,ai_draft
E:\Research paper\output\sarvam_policy_drafts\National unconstrained iteration 5 sarvam.txt,National unconstrained iteration 5 sarvam.txt,Sarvam,National Security,Unconstrained,5.0,Supplementary,False,127,0.93,under_3KB,ai_draft
E:\Research paper\output\sarvam_policy_drafts\National unconstrained iteration 6 sarvam.txt,National unconstrained iteration 6 sarvam.txt,Sarvam,National Security,Unconstrained,6.0,Supplementary,False,97,0.72,under_3KB|very_short_output,ai_draft
E:\Research paper\output\sarvam_policy_drafts\National unconstrained iteration 7 sarvam.txt,National unconstrained iteration 7 sarvam.txt,Sarvam,National Security,Unconstrained,7.0,Supplementary,True,91,0.64,under_3KB|refusal_detected|very_short_output,ai_draft
E:\Research paper\output\sarvam_policy_drafts\National unconstrained iteration 8 sarvam.txt,National unconstrained iteration 8 sarvam.txt,Sarvam,National Security,Unconstrained,8.0,Supplementary,False,747,5.42,none,ai_draft
E:\Research paper\output\sarvam_policy_drafts\National unconstrained iteration 9 sarvam.txt,National unconstrained iteration 9 sarvam.txt,Sarvam,National Security,Unconstrained,9.0,Supplementary,False,126,0.93,under_3KB,ai_draft
"E:\Research paper\extracted_text\core_baselines\Air (Prevention and Control of Pollution) Act, 1981.txt","Air (Prevention and Control of Pollution) Act, 1981.txt",Baseline,Air Pollution,,,Baseline,False,6117,39.21,none,core_baseline
"E:\Research paper\extracted_text\core_baselines\Digital Personal Data Protection Act, 2023.txt","Digital Personal Data Protection Act, 2023.txt",Baseline,Data Protection,,,Baseline,False,10670,63.47,none,core_baseline
"E:\Research paper\extracted_text\core_baselines\National Security Act, 1980.txt","National Security Act, 1980.txt",Baseline,National Security,,,Baseline,False,3978,23.5,none,core_baseline
E:\Research paper\extracted_text\broader_corpus\Air pollution\Air-Pollution-report by dpcc.txt,Air-Pollution-report by dpcc.txt,Broader,Air Pollution,,,Broader,False,6872,39.42,none,broader_corpus
E:\Research paper\extracted_text\broader_corpus\Air pollution\Comprehensive-Action-Plan on delhi air pollution.txt,Comprehensive-Action-Plan on delhi air pollution.txt,Broader,Air Pollution,,,Broader,False,5473,36.34,none,broader_corpus
"E:\Research paper\extracted_text\broader_corpus\Air pollution\Environment (Protection) Act, 1986.txt","Environment (Protection) Act, 1986.txt",Broader,Air Pollution,,,Broader,False,4263,27.77,none,broader_corpus
E:\Research paper\extracted_text\broader_corpus\Air pollution\Grap.txt,Grap.txt,Broader,Air Pollution,,,Broader,False,696,6.55,none,broader_corpus
E:\Research paper\extracted_text\broader_corpus\Air pollution\Industrial Emission Standards.txt,Industrial Emission Standards.txt,Broader,Air Pollution,,,Broader,False,25044,158.61,none,broader_corpus
E:\Research paper\extracted_text\broader_corpus\Air pollution\NGT (National Green Tribunal) rulings on AQI.txt,NGT (National Green Tribunal) rulings on AQI.txt,Broader,Air Pollution,,,Broader,False,35467,344.09,none,broader_corpus
E:\Research paper\extracted_text\broader_corpus\Air pollution\National_Ambient_Air_Quality_Standards.txt,National_Ambient_Air_Quality_Standards.txt,Broader,Air Pollution,,,Broader,False,537,4.49,none,broader_corpus
E:\Research paper\extracted_text\broader_corpus\Air pollution\Order-graded-response-action-plan grap.txt,Order-graded-response-action-plan grap.txt,Broader,Air Pollution,,,Broader,False,932,6.06,none,broader_corpus
E:\Research paper\extracted_text\broader_corpus\Air pollution\Supreme Court orders on Delhi pollution.txt,Supreme Court orders on Delhi pollution.txt,Broader,Air Pollution,,,Broader,False,9725,59.38,none,broader_corpus
E:\Research paper\extracted_text\broader_corpus\Air pollution\dpcc report o air pollution.txt,dpcc report o air pollution.txt,Broader,Air Pollution,,,Broader,False,7535,50.76,none,broader_corpus
E:\Research paper\extracted_text\broader_corpus\Air pollution\grap (3).txt,grap (3).txt,Broader,Air Pollution,,,Broader,False,913,6.4,none,broader_corpus
E:\Research paper\extracted_text\broader_corpus\Air pollution\steps taken to abate air pollution in delhi.txt,steps taken to abate air pollution in delhi.txt,Broader,Air Pollution,,,Broader,False,1866,12.17,none,broader_corpus
E:\Research paper\extracted_text\broader_corpus\DPDP\DPDP Draft Rules.txt,DPDP Draft Rules.txt,Broader,Data Protection,,,Broader,False,9899,60.01,none,broader_corpus
"E:\Research paper\extracted_text\broader_corpus\DPDP\Information Technology (Intermediary Guidelines and Digital Media Ethics Code) Rules, 2021.txt","Information Technology (Intermediary Guidelines and Digital Media Ethics Code) Rules, 2021.txt",Broader,Data Protection,,,Broader,False,13048,81.77,none,broader_corpus
"E:\Research paper\extracted_text\broader_corpus\DPDP\Information Technology Act, 2000.txt","Information Technology Act, 2000.txt",Broader,Data Protection,,,Broader,False,29307,205.78,none,broader_corpus
E:\Research paper\extracted_text\broader_corpus\DPDP\Justice B. N. Srikrishna Committee Report on Data Protection (2018).txt,Justice B. N. Srikrishna Committee Report on Data Protection (2018).txt,Broader,Data Protection,,,Broader,False,252,1.58,none,broader_corpus
E:\Research paper\extracted_text\broader_corpus\DPDP\NITI Aayog reports on data governance.pdf (2).txt,NITI Aayog reports on data governance.pdf (2).txt,Broader,Data Protection,,,Broader,False,8653,55.13,none,broader_corpus
E:\Research paper\extracted_text\broader_corpus\DPDP\NITI Aayog reports on data governance.txt,NITI Aayog reports on data governance.txt,Broader,Data Protection,,,Broader,False,6726,45.71,none,broader_corpus
"E:\Research paper\extracted_text\broader_corpus\DPDP\Personal Data Protection Bill, 2019.txt","Personal Data Protection Bill, 2019.txt",Broader,Data Protection,,,Broader,False,12873,78.43,none,broader_corpus
"E:\Research paper\extracted_text\broader_corpus\National security\Bharatiya Nyaya Sanhita, 2023.txt","Bharatiya Nyaya Sanhita, 2023.txt",Broader,National Security,,,Broader,False,20358,362.5,none,broader_corpus
E:\Research paper\extracted_text\broader_corpus\National security\National_cyber_security_policy-2013_0.txt,National_cyber_security_policy-2013_0.txt,Broader,National Security,,,Broader,False,2967,20.6,none,broader_corpus
"E:\Research paper\extracted_text\broader_corpus\National security\Unlawful Activities (Prevention) Act, 1967.txt","Unlawful Activities (Prevention) Act, 1967.txt",Broader,National Security,,,Broader,False,14008,83.89,none,broader_corpus
E:\Research paper\extracted_text\broader_corpus\National security\terrorism.txt,terrorism.txt,Broader,National Security,,,Broader,False,2188,15.84,none,broader_corpus
