file,filename,model,domain,condition,iteration,corpus_type,is_partial,word_count,file_size_kb,issues,source,jsd_score,tfidf_distance,bert_score_f1,mattr,hedge_density,mean_sent_len,sent_len_var,sent_var_red
E:\Research paper\output\chatgpt_policy_drafts\AIr status quo iteration 2 GPT.txt,AIr status quo iteration 2 GPT.txt,ChatGPT,Air Pollution,Status Quo,2.0,Primary,False,1122,7.68,none,ai_draft,0.6399738978199355,0.4786642558865828,0.6182065010070801,0.7809741550695826,0.4456327985739751,24.6,643.1733333333334,-27.714671533924285
E:\Research paper\output\chatgpt_policy_drafts\Air Innovation iteration 1 GPT.txt,Air Innovation iteration 1 GPT.txt,ChatGPT,Air Pollution,Innovation,1.0,Primary,False,1020,7.18,none,ai_draft,0.7001986495654835,0.6968955041440038,0.6001859903335571,0.829922822491731,0.29411764705882354,20.612244897959183,120.89046230737193,-86.41329432765022
E:\Research paper\output\chatgpt_policy_drafts\Air innovation iteration 10 GPT.txt,Air innovation iteration 10 GPT.txt,ChatGPT,Air Pollution,Innovation,10.0,Primary,False,882,6.2,none,ai_draft,0.7017586948330831,0.756904548903357,0.5817309021949768,0.8211855670103093,0.22675736961451248,21.875,152.559375,-82.8540706510621
E:\Research paper\output\chatgpt_policy_drafts\Air innovation iteration 2 GPT.txt,Air innovation iteration 2 GPT.txt,ChatGPT,Air Pollution,Innovation,2.0,Primary,False,1003,7.29,none,ai_draft,0.70039705229558,0.7304710663761087,0.5892595052719116,0.8383628318584072,0.09970089730807577,15.746031746031745,160.0942302847065,-82.00723907243216
E:\Research paper\output\chatgpt_policy_drafts\Air innovation iteration 3 GPT.txt,Air innovation iteration 3 GPT.txt,ChatGPT,Air Pollution,Innovation,3.0,Primary,False,1031,7.5,none,ai_draft,0.6910280940172306,0.7303286119889663,0.5868446230888367,0.8427192982456141,0.4849660523763337,13.904109589041095,97.62094201538748,-89.02852233910504
E:\Research paper\output\chatgpt_policy_drafts\Air innovation iteration 4 GPT.txt,Air innovation iteration 4 GPT.txt,ChatGPT,Air Pollution,Innovation,4.0,Primary,False,934,6.46,none,ai_draft,0.6945707657524998,0.7153455351667961,0.585921585559845,0.8475517661388551,0.21413276231263384,18.836734693877553,89.60599750104124,-89.92931045768928
E:\Research paper\output\chatgpt_policy_drafts\Air innovation iteration 5 GPT.txt,Air innovation iteration 5 GPT.txt,ChatGPT,Air Pollution,Innovation,5.0,Primary,False,1137,8.03,none,ai_draft,0.6924143086064695,0.7367001296619533,0.5886732935905457,0.8353451676528599,0.1759014951627089,19.771929824561404,218.00061557402273,-75.49922348163025
E:\Research paper\output\chatgpt_policy_drafts\Air innovation iteration 6 GPT.txt,Air innovation iteration 6 GPT.txt,ChatGPT,Air Pollution,Innovation,6.0,Primary,False,975,7.02,none,ai_draft,0.7074370833816132,0.6945050097251315,0.5799708366394043,0.8281463990554899,0.41025641025641024,16.271186440677965,89.89255960930767,-89.8971041533411
E:\Research paper\output\chatgpt_policy_drafts\Air innovation iteration 7 GPT.txt,Air innovation iteration 7 GPT.txt,ChatGPT,Air Pollution,Innovation,7.0,Primary,False,985,7.02,none,ai_draft,0.6898204611327768,0.7079867449837798,0.6064775586128235,0.8117249154453213,0.3045685279187817,17.944444444444443,486.90432098765416,-45.277521703619335
E:\Research paper\output\chatgpt_policy_drafts\Air innovation iteration 8 GPT.txt,Air innovation iteration 8 GPT.txt,ChatGPT,Air Pollution,Innovation,8.0,Primary,False,1106,8.27,none,ai_draft,0.6998019201559054,0.7506417768282249,0.5928594470024109,0.8487937743190663,0.45207956600361665,21.529411764705884,87.30795847750868,-90.18758376759627
E:\Research paper\output\chatgpt_policy_drafts\Air innovation iteration 9 GPT.txt,Air innovation iteration 9 GPT.txt,ChatGPT,Air Pollution,Innovation,9.0,Primary,False,992,6.98,none,ai_draft,0.6961363461139194,0.7375094654610932,0.5884345769882202,0.8421333333333334,0.3024193548387097,20.102040816326532,155.03040399833404,-82.57635524599695
E:\Research paper\output\chatgpt_policy_drafts\Air status quo iteration 1 GPT.txt,Air status quo iteration 1 GPT.txt,ChatGPT,Air Pollution,Status Quo,1.0,Primary,False,1032,6.92,none,ai_draft,0.6318162809768244,0.5438822011529708,0.6087517142295837,0.8038238453276048,0.3875968992248062,26.736842105263158,339.7202216066483,-61.8193315351933
E:\Research paper\output\chatgpt_policy_drafts\Air status quo iteration 10 GPT.txt,Air status quo iteration 10 GPT.txt,ChatGPT,Air Pollution,Status Quo,10.0,Primary,False,1005,6.65,none,ai_draft,0.6267420714254776,0.4591378546831214,0.6233373284339905,0.8062513904338156,0.1990049751243781,31.09375,1212.3349609375,36.25258747606801
E:\Research paper\output\chatgpt_policy_drafts\Air status quo iteration 3 GPT.txt,Air status quo iteration 3 GPT.txt,ChatGPT,Air Pollution,Status Quo,3.0,Primary,False,1117,7.49,none,ai_draft,0.6299641692266985,0.5271952446526622,0.6088003516197205,0.7982539682539683,0.17905102954341987,28.333333333333332,1133.6581196581199,27.410210126437068
E:\Research paper\output\chatgpt_policy_drafts\Air status quo iteration 4 GPT.txt,Air status quo iteration 4 GPT.txt,ChatGPT,Air Pollution,Status Quo,4.0,Primary,False,1054,7.37,none,ai_draft,0.6397372092314191,0.5114791313127833,0.6189706325531006,0.7781083953241233,0.18975332068311196,26.075,936.469375,5.2484499310123125
E:\Research paper\output\chatgpt_policy_drafts\Air status quo iteration 5 GPT.txt,Air status quo iteration 5 GPT.txt,ChatGPT,Air Pollution,Status Quo,5.0,Primary,False,988,6.46,none,ai_draft,0.6385206747440315,0.5238989147871307,0.6068488359451294,0.7951066217732884,0.4048582995951417,35.035714285714285,817.748724489796,-8.094393705492529
E:\Research paper\output\chatgpt_policy_drafts\Air status quo iteration 6 GPT.txt,Air status quo iteration 6 GPT.txt,ChatGPT,Air Pollution,Status Quo,6.0,Primary,False,1179,7.5,none,ai_draft,0.6168402294486269,0.5264643511599321,0.6037783622741699,0.7626251180358831,0.4240882103477523,28.341463414634145,240.22486615110054,-73.00147183426235
E:\Research paper\output\chatgpt_policy_drafts\Air status quo iteration 7 GPT.txt,Air status quo iteration 7 GPT.txt,ChatGPT,Air Pollution,Status Quo,7.0,Primary,False,1032,7.28,none,ai_draft,0.6308074136560913,0.4888829321665243,0.6200557351112366,0.798932764140875,0.29069767441860467,29.2,422.7885714285714,-52.483398838959125
E:\Research paper\output\chatgpt_policy_drafts\Air status quo iteration 8 GPT.txt,Air status quo iteration 8 GPT.txt,ChatGPT,Air Pollution,Status Quo,8.0,Primary,False,976,6.69,none,ai_draft,0.6382753948425745,0.5438534431931741,0.6151151061058044,0.8040181611804769,0.20491803278688525,27.62857142857143,710.5191836734695,-20.145768004553393
E:\Research paper\output\chatgpt_policy_drafts\Air status quo iteration 9 GPT.txt,Air status quo iteration 9 GPT.txt,ChatGPT,Air Pollution,Status Quo,9.0,Primary,False,1037,6.93,none,ai_draft,0.6279325825258109,0.5330685853041119,0.6128361821174622,0.796288441145281,0.09643201542912247,32.0625,1065.43359375,19.74255351021531
E:\Research paper\output\chatgpt_policy_drafts\Air unconstrained iteration 10 GPT.txt,Air unconstrained iteration 10 GPT.txt,ChatGPT,Air Pollution,Unconstrained,10.0,Primary,False,1005,6.82,none,ai_draft,0.665312909528486,0.6942556666203135,0.5924224853515625,0.8002227171492204,0.3980099502487562,17.403508771929825,184.6266543551862,-79.25007511662395
E:\Research paper\output\chatgpt_policy_drafts\Air unconstrained iteration 2 GPT.txt,Air unconstrained iteration 2 GPT.txt,ChatGPT,Air Pollution,Unconstrained,2.0,Primary,False,1175,8.14,none,ai_draft,0.634939638984443,0.5566717303813414,0.6065577268600464,0.8194795539033457,0.425531914893617,30.68421052631579,700.9002770083101,-21.226823128795015
E:\Research paper\output\chatgpt_policy_drafts\Air unconstrained iteration 3 GPT.txt,Air unconstrained iteration 3 GPT.txt,ChatGPT,Air Pollution,Unconstrained,3.0,Primary,False,1256,8.41,none,ai_draft,0.643696010097721,0.5919503044976144,0.5980280637741089,0.7852725647899911,0.23885350318471338,16.675675675675677,374.4353542731921,-57.91774756475843
E:\Research paper\output\chatgpt_policy_drafts\Air unconstrained iteration 4 GPT.txt,Air unconstrained iteration 4 GPT.txt,ChatGPT,Air Pollution,Unconstrained,4.0,Primary,False,1028,7.24,none,ai_draft,0.6528617715431305,0.6233490861592208,0.5971941351890564,0.8197195253505933,0.5836575875486382,29.17142857142857,822.1420408163265,-7.600635184639737
E:\Research paper\output\chatgpt_policy_drafts\Air unconstrained iteration 5 GPT.txt,Air unconstrained iteration 5 GPT.txt,ChatGPT,Air Pollution,Unconstrained,5.0,Primary,False,957,6.58,none,ai_draft,0.6607038041782974,0.5772634183924431,0.5925151109695435,0.7865876777251185,0.41797283176593525,19.5625,363.4127604166667,-59.15656107920827
E:\Research paper\output\chatgpt_policy_drafts\Air unconstrained iteration 6 GPT.txt,Air unconstrained iteration 6 GPT.txt,ChatGPT,Air Pollution,Unconstrained,6.0,Primary,False,1039,7.13,none,ai_draft,0.6543923752591152,0.573465736617647,0.5961812138557434,0.7988558855885589,0.384985563041386,17.28813559322034,88.57799482907211,-90.04484620358562
E:\Research paper\output\chatgpt_policy_drafts\Air unconstrained iteration 7 GPT.txt,Air unconstrained iteration 7 GPT.txt,ChatGPT,Air Pollution,Unconstrained,7.0,Primary,False,1074,7.26,none,ai_draft,0.634302288708138,0.5560006134582081,0.5981000661849976,0.7892518440463646,0.27932960893854747,14.324324324324325,103.9218407596786,-88.32037336625805
E:\Research paper\output\chatgpt_policy_drafts\Air unconstrained iteration 8 GPT.txt,Air unconstrained iteration 8 GPT.txt,ChatGPT,Air Pollution,Unconstrained,8.0,Primary,False,892,6.13,none,ai_draft,0.66265890009803,0.673786525246828,0.595137894153595,0.7893316519546029,0.2242152466367713,24.583333333333332,701.5208333333333,-21.157079693454623
E:\Research paper\output\chatgpt_policy_drafts\Air unconstrained iteration 9 GPT.txt,Air unconstrained iteration 9 GPT.txt,ChatGPT,Air Pollution,Unconstrained,9.0,Primary,False,1020,7.02,none,ai_draft,0.6546892399277562,0.6092790698881425,0.5969731211662292,0.8071677559912854,0.19607843137254902,24.071428571428573,185.97108843537416,-79.09897609859765
E:\Research paper\output\chatgpt_policy_drafts\Air unconstratined iteration 1 GPT.txt,Air unconstratined iteration 1 GPT.txt,ChatGPT,Air Pollution,Unconstrained,1.0,Primary,False,1035,7.05,none,ai_draft,0.6716944637727775,0.5822869841042466,0.5901198983192444,0.7734006734006735,0.3864734299516908,13.904109589041095,72.36066804278475,-91.86748830149878
E:\Research paper\output\chatgpt_policy_drafts\DPDP innovatino iteration 5 GPT.txt,DPDP innovatino iteration 5 GPT.txt,ChatGPT,Data Protection,Innovation,5.0,Primary,False,1042,7.27,none,ai_draft,0.6232206481995605,0.3059523857757695,0.6405827403068542,0.8302306079664571,0.5758157389635317,25.195121951219512,839.7668054729328,-63.36920627401592
E:\Research paper\output\chatgpt_policy_drafts\DPDP innovation iteration 1 GPT.txt,DPDP innovation iteration 1 GPT.txt,ChatGPT,Data Protection,Innovation,1.0,Primary,False,1205,8.65,none,ai_draft,0.6193271182609673,0.2886098627132172,0.6332271695137024,0.7742458100558659,0.6639004149377593,17.470588235294116,98.07266435986159,-95.72205103260711
E:\Research paper\output\chatgpt_policy_drafts\DPDP innovation iteration 10 GPT.txt,DPDP innovation iteration 10 GPT.txt,ChatGPT,Data Protection,Innovation,10.0,Primary,False,1109,7.62,none,ai_draft,0.6115542977347304,0.3091370780556356,0.6372519731521606,0.7469781312127237,0.18034265103697023,16.13235294117647,93.58542387543251,-95.91778534779172
E:\Research paper\output\chatgpt_policy_drafts\DPDP innovation iteration 2 GPT.txt,DPDP innovation iteration 2 GPT.txt,ChatGPT,Data Protection,Innovation,2.0,Primary,False,1074,7.68,none,ai_draft,0.6072453346625267,0.2906688198270958,0.6366039514541626,0.7897101449275362,0.37243947858473,20.307692307692307,252.05917159763314,-89.00512920805974
E:\Research paper\output\chatgpt_policy_drafts\DPDP innovation iteration 3 GPT.txt,DPDP innovation iteration 3 GPT.txt,ChatGPT,Data Protection,Innovation,3.0,Primary,False,952,6.82,none,ai_draft,0.6304212749773198,0.3272707195578079,0.6350545883178711,0.8369585253456221,0.21008403361344538,20.52173913043478,176.94517958412098,-92.2816163583617
E:\Research paper\output\chatgpt_policy_drafts\DPDP innovation iteration 4 GPT.txt,DPDP innovation iteration 4 GPT.txt,ChatGPT,Data Protection,Innovation,4.0,Primary,False,1040,7.71,none,ai_draft,0.6258432318159338,0.3116015711909141,0.6391685009002686,0.7991858037578289,0.2884615384615385,25.725,568.749375,-75.19104005822857
E:\Research paper\output\chatgpt_policy_drafts\DPDP innovation iteration 6 GPT.txt,DPDP innovation iteration 6 GPT.txt,ChatGPT,Data Protection,Innovation,6.0,Primary,False,1081,7.69,none,ai_draft,0.6136107314174545,0.2828433647411018,0.6344223022460938,0.8029162357807653,0.37002775208140615,20.725490196078432,514.4736639753941,-77.55855728076723
E:\Research paper\output\chatgpt_policy_drafts\DPDP innovation iteration 7 GPT.txt,DPDP innovation iteration 7 GPT.txt,ChatGPT,Data Protection,Innovation,7.0,Primary,False,1042,7.6,none,ai_draft,0.6464282051887259,0.3376008346288718,0.6294920444488525,0.803457051961824,0.28790786948176583,21.541666666666668,88.70659722222223,-96.13060072891163
E:\Research paper\output\chatgpt_policy_drafts\DPDP innovation iteration 8 GPT.txt,DPDP innovation iteration 8 GPT.txt,ChatGPT,Data Protection,Innovation,8.0,Primary,False,1103,7.59,none,ai_draft,0.6254558239266381,0.3412632431136626,0.6103017330169678,0.7975689479060266,0.271985494106981,17.64516129032258,61.5837669094693,-97.31370393801238
E:\Research paper\output\chatgpt_policy_drafts\DPDP innovation iteration 9 GPT.txt,DPDP innovation iteration 9 GPT.txt,ChatGPT,Data Protection,Innovation,9.0,Primary,False,1087,7.92,none,ai_draft,0.6280680913373178,0.3263608127763623,0.6396225094795227,0.8167283950617286,0.18399264029438822,19.545454545454547,98.68429752066116,-95.69537147346855
E:\Research paper\output\chatgpt_policy_drafts\DPDP status quo iteration 1 GPT.txt,DPDP status quo iteration 1 GPT.txt,ChatGPT,Data Protection,Status Quo,1.0,Primary,False,1296,8.49,none,ai_draft,0.4902808476034517,0.1348192776548085,0.684842050075531,0.7204595744680851,0.7716049382716049,27.73913043478261,772.4536862003781,-66.305417816382
E:\Research paper\output\chatgpt_policy_drafts\DPDP status quo iteration 10 GPT.txt,DPDP status quo iteration 10 GPT.txt,ChatGPT,Data Protection,Status Quo,10.0,Primary,False,1063,7.1,none,ai_draft,0.5792561900047066,0.2777047339802766,0.6554078459739685,0.7665911431513902,0.18814675446848542,30.02857142857143,569.5134693877552,-75.15771011029226
E:\Research paper\output\chatgpt_policy_drafts\DPDP status quo iteration 2 GPT.txt,DPDP status quo iteration 2 GPT.txt,ChatGPT,Data Protection,Status Quo,2.0,Primary,False,1352,8.91,none,ai_draft,0.4880757690060727,0.1398263063171123,0.6838193535804749,0.7306589785831961,0.6656804733727811,20.50769230769231,1002.2807100591715,-56.28031769482257
E:\Research paper\output\chatgpt_policy_drafts\DPDP status quo iteration 3 GPT.txt,DPDP status quo iteration 3 GPT.txt,ChatGPT,Data Protection,Status Quo,3.0,Primary,False,989,6.75,none,ai_draft,0.5772597139980646,0.2386569170324146,0.6489343643188477,0.7263945578231292,0.40444893832153694,20.893617021276597,115.45676776822091,-94.96375301235594
E:\Research paper\output\chatgpt_policy_drafts\DPDP status quo iteration 4 GPT.txt,DPDP status quo iteration 4 GPT.txt,ChatGPT,Data Protection,Status Quo,4.0,Primary,False,1107,7.47,none,ai_draft,0.5535447299767031,0.2125838699519706,0.654118537902832,0.7702114803625377,0.45167118337850043,27.375,1141.084375,-50.22567444657622
E:\Research paper\output\chatgpt_policy_drafts\DPDP status quo iteration 5 GPT.txt,DPDP status quo iteration 5 GPT.txt,ChatGPT,Data Protection,Status Quo,5.0,Primary,False,1016,6.84,none,ai_draft,0.5754025071526829,0.2584627574078694,0.6494216918945312,0.7593612334801763,0.6889763779527559,23.3953488372093,162.0530016224986,-92.93121609901306
E:\Research paper\output\chatgpt_policy_drafts\DPDP status quo iteration 6 GPT.txt,DPDP status quo iteration 6 GPT.txt,ChatGPT,Data Protection,Status Quo,6.0,Primary,False,1194,7.79,none,ai_draft,0.4946527081766463,0.1466995325497931,0.6828097105026245,0.7534746543778802,0.7537688442211055,27.25581395348837,894.376419686317,-60.98712412850949
E:\Research paper\output\chatgpt_policy_drafts\DPDP status quo iteration 7 GPT.txt,DPDP status quo iteration 7 GPT.txt,ChatGPT,Data Protection,Status Quo,7.0,Primary,False,1384,8.95,none,ai_draft,0.4881296942386629,0.1299909660138425,0.6991844773292542,0.7354066985645933,1.0115606936416186,25.25925925925926,905.3031550068588,-60.51049777817432
E:\Research paper\output\chatgpt_policy_drafts\DPDP status quo iteration 8 GPT.txt,DPDP status quo iteration 8 GPT.txt,ChatGPT,Data Protection,Status Quo,8.0,Primary,False,1188,7.87,none,ai_draft,0.5571173193262213,0.2130796924533077,0.6500369310379028,0.7522833178005592,0.6734006734006733,22.132075471698112,370.60519757920963,-83.83412816769265
E:\Research paper\output\chatgpt_policy_drafts\DPDP status quo iteration 9 GPT.txt,DPDP status quo iteration 9 GPT.txt,ChatGPT,Data Protection,Status Quo,9.0,Primary,False,1123,7.37,none,ai_draft,0.562528579361493,0.2145317787493244,0.6618792414665222,0.7265805168986084,0.44523597506678536,23.74468085106383,641.5092802172929,-72.01723863839771
E:\Research paper\output\chatgpt_policy_drafts\DPDP unconstrained iteration 1 GPT.txt,DPDP unconstrained iteration 1 GPT.txt,ChatGPT,Data Protection,Unconstrained,1.0,Primary,False,965,6.45,none,ai_draft,0.5725253815408237,0.2589931954323684,0.6430532336235046,0.711869918699187,0.6217616580310881,17.59259259259259,335.09327846364897,-85.38316508539191
E:\Research paper\output\chatgpt_policy_drafts\DPDP unconstrained iteration 10 GPT.txt,DPDP unconstrained iteration 10 GPT.txt,ChatGPT,Data Protection,Unconstrained,10.0,Primary,False,1132,7.71,none,ai_draft,0.5770535776266349,0.2640022621498454,0.6367549896240234,0.7622178606476938,0.26501766784452296,17.453125,624.497802734375,-72.75928264226859
E:\Research paper\output\chatgpt_policy_drafts\DPDP unconstrained iteration 2 GPT.txt,DPDP unconstrained iteration 2 GPT.txt,ChatGPT,Data Protection,Unconstrained,2.0,Primary,False,1238,8.4,none,ai_draft,0.5563111933026754,0.211702853132074,0.6509562134742737,0.743058608058608,0.6462035541195477,21.821428571428573,649.218112244898,-71.6809778645363
E:\Research paper\output\chatgpt_policy_drafts\DPDP unconstrained iteration 3 GPT.txt,DPDP unconstrained iteration 3 GPT.txt,ChatGPT,Data Protection,Unconstrained,3.0,Primary,False,1138,7.69,none,ai_draft,0.57120982307666,0.2681548171578978,0.6410840749740601,0.7695034079844206,0.35149384885764495,18.716666666666665,546.6363888888889,-76.15561287489935
E:\Research paper\output\chatgpt_policy_drafts\DPDP unconstrained iteration 4 GPT.txt,DPDP unconstrained iteration 4 GPT.txt,ChatGPT,Data Protection,Unconstrained,4.0,Primary,False,1082,7.37,none,ai_draft,0.5657668737834141,0.2252508398728632,0.6456595659255981,0.7580327868852459,0.46210720887245843,28.83783783783784,1060.3520818115412,-53.74723300252157
E:\Research paper\output\chatgpt_policy_drafts\DPDP unconstrained iteration 5 GPT.txt,DPDP unconstrained iteration 5 GPT.txt,ChatGPT,Data Protection,Unconstrained,5.0,Primary,False,1216,8.27,none,ai_draft,0.5852497048857741,0.2318301983678229,0.6366224884986877,0.7350769230769231,0.24671052631578946,25.104166666666668,846.9266493055555,-63.05689247352537
E:\Research paper\output\chatgpt_policy_drafts\DPDP unconstrained iteration 6 GPT.txt,DPDP unconstrained iteration 6 GPT.txt,ChatGPT,Data Protection,Unconstrained,6.0,Primary,False,1170,7.93,none,ai_draft,0.5664634905729548,0.2160120909808198,0.6370854377746582,0.7462692307692307,0.8547008547008548,19.810344827586206,149.01575505350772,-93.49990336637241
E:\Research paper\output\chatgpt_policy_drafts\DPDP unconstrained iteration 7 GPT.txt,DPDP unconstrained iteration 7 GPT.txt,ChatGPT,Data Protection,Unconstrained,7.0,Primary,False,1247,8.43,none,ai_draft,0.5819976938017981,0.2399217326644263,0.6233692765235901,0.7642228212039534,0.5613472333600642,16.54054054054054,39.49159970781592,-98.27736862974544
E:\Research paper\output\chatgpt_policy_drafts\DPDP unconstrained iteration 8 GPT.txt,DPDP unconstrained iteration 8 GPT.txt,ChatGPT,Data Protection,Unconstrained,8.0,Primary,False,1284,8.84,none,ai_draft,0.5754336601877622,0.2470813556199467,0.6489084959030151,0.7531516183986372,0.1557632398753894,28.886363636363637,893.7370867768594,-61.0150119561492
E:\Research paper\output\chatgpt_policy_drafts\DPDP unconstrained iteration 9 GPT.txt,DPDP unconstrained iteration 9 GPT.txt,ChatGPT,Data Protection,Unconstrained,9.0,Primary,False,1292,8.73,none,ai_draft,0.5736907078805756,0.2330929277410983,0.6385544538497925,0.7414011676396997,0.23219814241486067,23.181818181818183,763.312396694215,-66.70416266805685
E:\Research paper\output\chatgpt_policy_drafts\National innovation iteration 1 GPT.txt,National innovation iteration 1 GPT.txt,ChatGPT,National Security,Innovation,1.0,Primary,False,973,7.09,none,ai_draft,0.6785843530119273,0.6968564477282362,0.5757949948310852,0.8306026785714286,1.2332990750256936,13.305555555555555,31.045524691358025,-98.3585055885716
E:\Research paper\output\chatgpt_policy_drafts\National innovation iteration 10 GPT.txt,National innovation iteration 10 GPT.txt,ChatGPT,National Security,Innovation,10.0,Primary,False,1176,9.0,none,ai_draft,0.7059624628795252,0.7860828357289015,0.5867377519607544,0.8329323308270676,0.5102040816326531,21.574074074074073,461.91117969821676,-75.57700739192272
E:\Research paper\output\chatgpt_policy_drafts\National innovation iteration 2 GPT.txt,National innovation iteration 2 GPT.txt,ChatGPT,National Security,Innovation,2.0,Primary,False,1047,7.45,none,ai_draft,0.6719257204491016,0.691345321388035,0.5768445730209351,0.8322832980972518,0.8595988538681949,26.358974358974358,491.6147271531887,-74.00646839695749
E:\Research paper\output\chatgpt_policy_drafts\National innovation iteration 3 GPT.txt,National innovation iteration 3 GPT.txt,ChatGPT,National Security,Innovation,3.0,Primary,False,983,7.1,none,ai_draft,0.6936655505255319,0.7583702487877035,0.5985543727874756,0.8053710247349825,0.40691759918616477,16.25,101.4875,-94.63397170007528
E:\Research paper\output\chatgpt_policy_drafts\National innovation iteration 4 GPT.txt,National innovation iteration 4 GPT.txt,ChatGPT,National Security,Innovation,4.0,Primary,False,1071,7.63,none,ai_draft,0.6929272026596061,0.7660405851044437,0.5969434976577759,0.7871473354231975,0.5602240896358543,19.64814814814815,100.37620027434842,-94.69273032332983
E:\Research paper\output\chatgpt_policy_drafts\National innovation iteration 5 GPT.txt,National innovation iteration 5 GPT.txt,ChatGPT,National Security,Innovation,5.0,Primary,False,1252,8.99,none,ai_draft,0.6869725599498803,0.7350262205878924,0.5749028325080872,0.8166546762589929,0.5591054313099041,19.967741935483872,108.22476586888658,-94.27774695006605
E:\Research paper\output\chatgpt_policy_drafts\National innovation iteration 6 GPT.txt,National innovation iteration 6 GPT.txt,ChatGPT,National Security,Innovation,6.0,Primary,False,1176,8.35,none,ai_draft,0.6805330395099811,0.7065871992733859,0.5831056833267212,0.8160075685903501,0.7653061224489796,19.913793103448278,264.42360285374554,-86.01892315722377
E:\Research paper\output\chatgpt_policy_drafts\National innovation iteration 7 GPT.txt,National innovation iteration 7 GPT.txt,ChatGPT,National Security,Innovation,7.0,Primary,False,1057,7.7,none,ai_draft,0.6926545134973671,0.7718781553802099,0.5745841264724731,0.8336590436590436,0.47303689687795647,20.470588235294116,607.0334486735873,-67.90384367943473
E:\Research paper\output\chatgpt_policy_drafts\National innovation iteration 8 GPT.txt,National innovation iteration 8 GPT.txt,ChatGPT,National Security,Innovation,8.0,Primary,False,1138,8.14,none,ai_draft,0.6920111390876437,0.7486181821357947,0.581722617149353,0.7999408284023669,0.6151142355008787,15.859154929577464,315.44495139853206,-83.32123132136569
E:\Research paper\output\chatgpt_policy_drafts\National innovation iteration 9 GPT.txt,National innovation iteration 9 GPT.txt,ChatGPT,National Security,Innovation,9.0,Primary,False,1120,8.31,none,ai_draft,0.7021602503452293,0.7613005689151957,0.5738377571105957,0.8032055063913471,0.4464285714285714,24.555555555555557,96.15802469135802,-94.91576123405655
E:\Research paper\output\chatgpt_policy_drafts\National status quo iteration 1 GPT.txt,National status quo iteration 1 GPT.txt,ChatGPT,National Security,Status Quo,1.0,Primary,False,1174,7.56,none,ai_draft,0.5594977926420149,0.4719340658102142,0.6319363713264465,0.7673840445269017,0.2555366269165247,19.233333333333334,542.7455555555556,-71.30298794659959
E:\Research paper\output\chatgpt_policy_drafts\National status quo iteration 10 GPT.txt,National status quo iteration 10 GPT.txt,ChatGPT,National Security,Status Quo,10.0,Primary,False,982,6.74,none,ai_draft,0.6110002461789468,0.5491807935395633,0.5980695486068726,0.7857241379310343,0.40733197556008144,22.3953488372093,564.6111411573823,-70.14687166495082
E:\Research paper\output\chatgpt_policy_drafts\National status quo iteration 2 GPT.txt,National status quo iteration 2 GPT.txt,ChatGPT,National Security,Status Quo,2.0,Primary,False,1089,6.99,none,ai_draft,0.5896669018598788,0.5305476866674673,0.6273703575134277,0.7659371833839919,1.0101010101010102,28.263157894736842,566.2991689750693,-70.05761924430033
E:\Research paper\output\chatgpt_policy_drafts\National status quo iteration 3 GPT.txt,National status quo iteration 3 GPT.txt,ChatGPT,National Security,Status Quo,3.0,Primary,False,1218,7.73,none,ai_draft,0.5333294937087621,0.4103828927779931,0.6493638753890991,0.7602527075812274,0.5747126436781609,17.955223880597014,429.2965025618178,-77.30146883305414
E:\Research paper\output\chatgpt_policy_drafts\National status quo iteration 4 GPT.txt,National status quo iteration 4 GPT.txt,ChatGPT,National Security,Status Quo,4.0,Primary,False,1058,6.92,none,ai_draft,0.5878434679006453,0.4858655047247213,0.6253380179405212,0.7843220338983051,0.7561436672967864,23.08888888888889,675.8143209876542,-64.26713859426866
E:\Research paper\output\chatgpt_policy_drafts\National status quo iteration 5 GPT.txt,National status quo iteration 5 GPT.txt,ChatGPT,National Security,Status Quo,5.0,Primary,False,943,6.39,none,ai_draft,0.587313934132759,0.5224950880572933,0.6221635341644287,0.7735662650602411,0.4241781548250266,23.974358974358974,460.74293228139373,-75.63877705518162
E:\Research paper\output\chatgpt_policy_drafts\National status quo iteration 6 GPT.txt,National status quo iteration 6 GPT.txt,ChatGPT,National Security,Status Quo,6.0,Primary,False,1071,7.12,none,ai_draft,0.5700365027762068,0.4840419542457659,0.620408833026886,0.7643821391484942,0.7469654528478058,14.094594594594595,288.70726807888974,-84.73495385239292
E:\Research paper\output\chatgpt_policy_drafts\National status quo iteration 7 GPT.txt,National status quo iteration 7 GPT.txt,ChatGPT,National Security,Status Quo,7.0,Primary,False,875,6.13,none,ai_draft,0.6050650308173277,0.5604339841411985,0.6165443658828735,0.7827471116816431,0.34285714285714286,27.0625,612.05859375,-67.63814523685552
E:\Research paper\output\chatgpt_policy_drafts\National status quo iteration 8 GPT.txt,National status quo iteration 8 GPT.txt,ChatGPT,National Security,Status Quo,8.0,Primary,False,1118,7.38,none,ai_draft,0.5770358026746152,0.4618224950774523,0.627690315246582,0.7673861386138613,0.5366726296958855,27.7,551.51,-70.8395785915361
E:\Research paper\output\chatgpt_policy_drafts\National status quo iteration 9 GPT.txt,National status quo iteration 9 GPT.txt,ChatGPT,National Security,Status Quo,9.0,Primary,False,1039,6.9,none,ai_draft,0.6058058329381004,0.5210144520037192,0.6172816753387451,0.7720213903743316,0.384985563041386,27.83783783783784,781.5412710007305,-58.6769545239655
E:\Research paper\output\chatgpt_policy_drafts\National unconstrained iteration 1 GPT.txt,National unconstrained iteration 1 GPT.txt,ChatGPT,National Security,Unconstrained,1.0,Primary,False,1074,7.44,none,ai_draft,0.6485825846579443,0.6866600343922595,0.6054015755653381,0.7884710743801653,0.5586592178770949,22.617021276595743,538.7894975101856,-71.51215971088189
E:\Research paper\output\chatgpt_policy_drafts\National unconstrained iteration 10 GPT.txt,National unconstrained iteration 10 GPT.txt,ChatGPT,National Security,Unconstrained,10.0,Primary,False,905,6.33,none,ai_draft,0.6662310901861689,0.7190780669029779,0.5884823799133301,0.8037128712871286,0.22099447513812157,28.967741935483872,560.289281997919,-70.37538471885372
E:\Research paper\output\chatgpt_policy_drafts\National unconstrained iteration 2 GPT.txt,National unconstrained iteration 2 GPT.txt,ChatGPT,National Security,Unconstrained,2.0,Primary,False,1070,7.39,none,ai_draft,0.6617657534192439,0.6940046931550545,0.5905192494392395,0.7859057591623037,0.9345794392523363,22.847826086956523,568.4333648393196,-69.94477623008528
E:\Research paper\output\chatgpt_policy_drafts\National unconstrained iteration 3 GPT.txt,National unconstrained iteration 3 GPT.txt,ChatGPT,National Security,Unconstrained,3.0,Primary,False,1059,7.28,none,ai_draft,0.6562626778932306,0.6642914692298139,0.591279149055481,0.7927177334732425,0.9442870632672332,24.80952380952381,507.43990929705205,-73.16973111172102
E:\Research paper\output\chatgpt_policy_drafts\National unconstrained iteration 4 GPT.txt,National unconstrained iteration 4 GPT.txt,ChatGPT,National Security,Unconstrained,4.0,Primary,False,981,6.9,none,ai_draft,0.6780411337859676,0.7672257078112176,0.5810637474060059,0.7936261261261262,0.509683995922528,19.4,135.68,-92.8260847913902
E:\Research paper\output\chatgpt_policy_drafts\National unconstrained iteration 5 GPT.txt,National unconstrained iteration 5 GPT.txt,ChatGPT,National Security,Unconstrained,5.0,Primary,False,1096,7.66,none,ai_draft,0.6742705364638971,0.7057514352756764,0.579529881477356,0.8221774193548387,0.36496350364963503,30.942857142857143,868.9681632653062,-54.054363780611055
E:\Research paper\output\chatgpt_policy_drafts\National unconstrained iteration 6 GPT.txt,National unconstrained iteration 6 GPT.txt,ChatGPT,National Security,Unconstrained,6.0,Primary,False,996,6.76,none,ai_draft,0.6433054848118038,0.6718652296393457,0.5999392867088318,0.796606334841629,0.30120481927710846,26.43243243243243,444.51570489408334,-76.49677199435759
E:\Research paper\output\chatgpt_policy_drafts\National unconstrained iteration 7 GPT.txt,National unconstrained iteration 7 GPT.txt,ChatGPT,National Security,Unconstrained,7.0,Primary,False,903,6.26,none,ai_draft,0.669661729466612,0.7264849191097242,0.591808021068573,0.7783870967741937,0.5537098560354374,18.95744680851064,440.50882752376634,-76.70863076872338
E:\Research paper\output\chatgpt_policy_drafts\National unconstrained iteration 8 GPT.txt,National unconstrained iteration 8 GPT.txt,ChatGPT,National Security,Unconstrained,8.0,Primary,False,1028,7.28,none,ai_draft,0.6794783912434641,0.7257646315037011,0.5894542932510376,0.7920783460282917,0.2918287937743191,23.72093023255814,634.9453758788534,-66.42803442914385
E:\Research paper\output\chatgpt_policy_drafts\National unconstrained iteration 9 GPT.txt,National unconstrained iteration 9 GPT.txt,ChatGPT,National Security,Unconstrained,9.0,Primary,False,1003,6.92,none,ai_draft,0.6696695709620437,0.7200946767453615,0.5873645544052124,0.810232044198895,0.3988035892323031,24.875,232.009375,-87.7327860859924
E:\Research paper\output\gemini_policy_drafts\Air innovation iteration 1 gemini.txt,Air innovation iteration 1 gemini.txt,Gemini,Air Pollution,Innovation,1.0,Primary,False,693,4.75,none,ai_draft,0.7145959214932966,0.7577482973853785,0.5869587063789368,0.8525786163522012,0.2886002886002886,28.5,210.5,-76.34220690828454
E:\Research paper\output\gemini_policy_drafts\Air innovation iteration 10 gemini.txt,Air innovation iteration 10 gemini.txt,Gemini,Air Pollution,Innovation,10.0,Primary,False,724,4.91,none,ai_draft,0.7242074041903446,0.7737679417285304,0.5891767144203186,0.860793893129771,0.13812154696132595,25.0,114.6896551724138,-87.11019414808
E:\Research paper\output\gemini_policy_drafts\Air innovation iteration 2 gemini.txt,Air innovation iteration 2 gemini.txt,Gemini,Air Pollution,Innovation,2.0,Primary,False,649,4.61,none,ai_draft,0.7083300791510713,0.7384673099799963,0.5904427170753479,0.8483531409168082,0.15408320493066258,23.214285714285715,94.88265306122447,-89.33627470728993
E:\Research paper\output\gemini_policy_drafts\Air innovation iteration 3 gemini.txt,Air innovation iteration 3 gemini.txt,Gemini,Air Pollution,Innovation,3.0,Primary,False,705,4.77,none,ai_draft,0.7120839470771841,0.7719339161321164,0.5809841752052307,0.8433647798742139,0.28368794326241137,22.774193548387096,78.36836628511968,-91.1922917125457
E:\Research paper\output\gemini_policy_drafts\Air innovation iteration 4 gemini.txt,Air innovation iteration 4 gemini.txt,Gemini,Air Pollution,Innovation,4.0,Primary,False,695,4.69,none,ai_draft,0.7076057878533909,0.7818160415365104,0.5879605412483215,0.8501294498381878,0.28776978417266186,25.74074074074074,122.56241426611797,-86.22538604499319
E:\Research paper\output\gemini_policy_drafts\Air innovation iteration 5 gemini.txt,Air innovation iteration 5 gemini.txt,Gemini,Air Pollution,Innovation,5.0,Primary,False,740,5.04,none,ai_draft,0.6984149109489334,0.7315957425726747,0.5923423171043396,0.8471365638766521,0.2702702702702703,36.65,845.4274999999998,-4.983615824008246
E:\Research paper\output\gemini_policy_drafts\Air innovation iteration 6 gemini.txt,Air innovation iteration 6 gemini.txt,Gemini,Air Pollution,Innovation,6.0,Primary,False,716,4.78,none,ai_draft,0.704105879204993,0.7211975003940676,0.5910860896110535,0.824217054263566,0.27932960893854747,23.933333333333334,96.26222222222222,-89.18122690792367
E:\Research paper\output\gemini_policy_drafts\Air innovation iteration 7 gemini.txt,Air innovation iteration 7 gemini.txt,Gemini,Air Pollution,Innovation,7.0,Primary,False,711,4.73,none,ai_draft,0.7066534726450492,0.759045708157017,0.5890975594520569,0.8312868217054264,0.2812939521800281,23.5,96.51666666666667,-89.15263026174789
E:\Research paper\output\gemini_policy_drafts\Air innovation iteration 8 gemini.txt,Air innovation iteration 8 gemini.txt,Gemini,Air Pollution,Innovation,8.0,Primary,False,746,5.04,none,ai_draft,0.7162483779475094,0.7844155130194557,0.584986686706543,0.8518584070796459,0.2680965147453083,23.3125,114.58984375,-87.1214118106912
E:\Research paper\output\gemini_policy_drafts\Air innovation iteration 9 gemini.txt,Air innovation iteration 9 gemini.txt,Gemini,Air Pollution,Innovation,9.0,Primary,False,653,4.48,none,ai_draft,0.7110660730631474,0.7806483949525744,0.5897073745727539,0.8630664395229983,0.3062787136294028,27.208333333333332,143.4982638888889,-83.87243593299897
E:\Research paper\output\gemini_policy_drafts\Air status quo iteration 1 Gemini.txt,Air status quo iteration 1 Gemini.txt,Gemini,Air Pollution,Status Quo,1.0,Primary,False,821,5.35,none,ai_draft,0.6643845013470125,0.6139501065707341,0.6180963516235352,0.7912938005390837,0.3654080389768575,34.208333333333336,493.9149305555555,-44.48960934920503
E:\Research paper\output\gemini_policy_drafts\Air status quo iteration 10 gemini.txt,Air status quo iteration 10 gemini.txt,Gemini,Air Pollution,Status Quo,10.0,Primary,False,825,5.36,none,ai_draft,0.6554567756960278,0.5448218694700062,0.6042392253875732,0.8054082998661312,0.48484848484848486,35.65217391304348,805.0094517958408,-9.526142292345414
E:\Research paper\output\gemini_policy_drafts\Air status quo iteration 2 gemini.txt,Air status quo iteration 2 gemini.txt,Gemini,Air Pollution,Status Quo,2.0,Primary,False,884,5.56,none,ai_draft,0.6535829497678158,0.5831722080021753,0.6119499802589417,0.7774536464771323,0.4524886877828055,42.095238095238095,691.7052154195011,-22.260242912802735
E:\Research paper\output\gemini_policy_drafts\Air status quo iteration 3 gemini.txt,Air status quo iteration 3 gemini.txt,Gemini,Air Pollution,Status Quo,3.0,Primary,False,908,5.58,none,ai_draft,0.6251643294402689,0.527030468696857,0.610934317111969,0.7548058252427184,0.3303964757709251,43.23809523809524,934.562358276644,5.034123056600919
E:\Research paper\output\gemini_policy_drafts\Air status quo iteration 4 gemino.txt,Air status quo iteration 4 gemino.txt,Gemini,Air Pollution,Status Quo,4.0,Primary,False,827,5.17,none,ai_draft,0.6538539902041955,0.5640093453266543,0.59377121925354,0.7826063829787234,0.48367593712212814,41.35,749.1275000000002,-15.806634706346436
E:\Research paper\output\gemini_policy_drafts\Air status quo iteration 5 gemini.txt,Air status quo iteration 5 gemini.txt,Gemini,Air Pollution,Status Quo,5.0,Primary,False,883,5.61,none,ai_draft,0.6583452256557445,0.6289100672211757,0.6234771013259888,0.77,0.4530011325028313,36.541666666666664,752.248263888889,-15.455896528809953
E:\Research paper\output\gemini_policy_drafts\Air status quo iteration 6 gemini.txt,Air status quo iteration 6 gemini.txt,Gemini,Air Pollution,Status Quo,6.0,Primary,False,813,5.11,none,ai_draft,0.6447010609293827,0.5442530206786504,0.6277892589569092,0.7830706521739131,0.24600246002460024,38.714285714285715,691.0612244897958,-22.33262012975242
E:\Research paper\output\gemini_policy_drafts\Air status quo iteration 7 gemini.txt,Air status quo iteration 7 gemini.txt,Gemini,Air Pollution,Status Quo,7.0,Primary,False,939,6.1,none,ai_draft,0.6564134537961712,0.5769340150574216,0.6290037035942078,0.7715789473684211,0.3194888178913738,34.666666666666664,658.5925925925925,-25.98172310075056
E:\Research paper\output\gemini_policy_drafts\Air status quo iteration 8 gemini.txt,Air status quo iteration 8 gemini.txt,Gemini,Air Pollution,Status Quo,8.0,Primary,False,914,5.63,none,ai_draft,0.6494223758439964,0.5542073289344547,0.6170264482498169,0.7741835518474374,0.5470459518599562,41.54545454545455,854.7933884297523,-3.9309970563541965
E:\Research paper\output\gemini_policy_drafts\Air status quo iteration 9 gemini.txt,Air status quo iteration 9 gemini.txt,Gemini,Air Pollution,Status Quo,9.0,Primary,False,963,5.88,none,ai_draft,0.6304644426035163,0.4949269326232061,0.6287136077880859,0.7728392246294185,0.5192107995846313,35.48148148148148,692.4718792866942,-22.17407866035167
E:\Research paper\output\gemini_policy_drafts\Air unconstrained iteration 1 gemini.txt,Air unconstrained iteration 1 gemini.txt,Gemini,Air Pollution,Unconstrained,1.0,Primary,False,781,5.04,none,ai_draft,0.6452355460910258,0.5862532561092992,0.607438862323761,0.7812338593974175,0.2560819462227913,31.24,413.30240000000003,-53.5495360403353
E:\Research paper\output\gemini_policy_drafts\Air unconstrained iteration 10 gemini.txt,Air unconstrained iteration 10 gemini.txt,Gemini,Air Pollution,Unconstrained,10.0,Primary,False,713,4.78,none,ai_draft,0.6682768628596252,0.6281940786183965,0.6045368313789368,0.8154134165366616,0.1402524544179523,32.40909090909091,355.51446280991735,-60.044239419147786
E:\Research paper\output\gemini_policy_drafts\Air unconstrained iteration 2 gemini.txt,Air unconstrained iteration 2 gemini.txt,Gemini,Air Pollution,Unconstrained,2.0,Primary,False,694,4.59,none,ai_draft,0.6663977867715207,0.6406526140710098,0.599395215511322,0.8141584158415841,0.2881844380403458,26.384615384615383,370.6213017751479,-58.3464034547331
E:\Research paper\output\gemini_policy_drafts\Air unconstrained iteration 3 gemini.txt,Air unconstrained iteration 3 gemini.txt,Gemini,Air Pollution,Unconstrained,3.0,Primary,False,858,5.51,none,ai_draft,0.645244713188055,0.5656692029899051,0.6075928211212158,0.7748387096774193,0.34965034965034963,34.36,478.23040000000003,-46.252371242905845
E:\Research paper\output\gemini_policy_drafts\Air unconstrained iteration 4 gemini.txt,Air unconstrained iteration 4 gemini.txt,Gemini,Air Pollution,Unconstrained,4.0,Primary,False,728,4.7,none,ai_draft,0.6518043244389212,0.5968641133499341,0.612825334072113,0.8018547140649149,0.27472527472527475,30.0,158.75,-82.1583151861766
E:\Research paper\output\gemini_policy_drafts\Air unconstrained iteration 5 gemini.txt,Air unconstrained iteration 5 gemini.txt,Gemini,Air Pollution,Unconstrained,5.0,Primary,False,764,4.9,none,ai_draft,0.6661098315675636,0.6309407225736439,0.605718195438385,0.7925368731563422,0.13089005235602094,33.21739130434783,578.6049149338374,-34.97142347100072
E:\Research paper\output\gemini_policy_drafts\Air unconstrained iteration 6 gemini.txt,Air unconstrained iteration 6 gemini.txt,Gemini,Air Pollution,Unconstrained,6.0,Primary,False,731,4.81,none,ai_draft,0.6576717722282704,0.5941608445103579,0.6130826473236084,0.8053598774885147,0.27359781121751026,30.25,271.0208333333333,-69.54035725157101
E:\Research paper\output\gemini_policy_drafts\Air unconstrained iteration 7 gemini.txt,Air unconstrained iteration 7 gemini.txt,Gemini,Air Pollution,Unconstrained,7.0,Primary,False,672,4.23,none,ai_draft,0.6623878347560754,0.6899837197078101,0.6070879101753235,0.8130626057529612,0.1488095238095238,26.68,394.4576,-55.6674760843009
E:\Research paper\output\gemini_policy_drafts\Air unconstrained iteration 8 gemini.txt,Air unconstrained iteration 8 gemini.txt,Gemini,Air Pollution,Unconstrained,8.0,Primary,False,728,4.65,none,ai_draft,0.6576069988923899,0.6248748857153523,0.5933704972267151,0.8280246913580246,0.4120879120879121,32.68181818181818,694.2169421487603,-21.97795354812936
E:\Research paper\output\gemini_policy_drafts\Air unconstrained iteration 9 gemini.txt,Air unconstrained iteration 9 gemini.txt,Gemini,Air Pollution,Unconstrained,9.0,Primary,False,698,4.61,none,ai_draft,0.6759431346067443,0.6226605309175863,0.5972239971160889,0.8445732689210951,0.14326647564469913,24.06896551724138,145.30558858501783,-83.66931330254496
E:\Research paper\output\gemini_policy_drafts\DPDP innovation iteration 1.txt,DPDP innovation iteration 1.txt,Gemini,Data Protection,Innovation,1.0,Primary,False,715,4.88,none,ai_draft,0.6602944211599285,0.4192432067973343,0.6136816143989563,0.821608497723824,0.4195804195804196,25.285714285714285,376.41836734693874,-83.58055655558793
E:\Research paper\output\gemini_policy_drafts\DPDP innovation iteration 10 gemini.txt,DPDP innovation iteration 10 gemini.txt,Gemini,Data Protection,Innovation,10.0,Primary,False,758,5.1,none,ai_draft,0.6486770262955653,0.321673248069985,0.6191034913063049,0.8254069767441861,0.395778364116095,24.451612903225808,72.5057232049948,-96.83728604969124
E:\Research paper\output\gemini_policy_drafts\DPDP innovation iteration 2 gemini.txt,DPDP innovation iteration 2 gemini.txt,Gemini,Data Protection,Innovation,2.0,Primary,False,769,5.09,none,ai_draft,0.6414056250728623,0.3413355692765426,0.62258380651474,0.8074822190611666,0.5201560468140443,21.166666666666668,141.3611111111111,-93.83380044526668
E:\Research paper\output\gemini_policy_drafts\DPDP innovation iteration 3 gemini.txt,DPDP innovation iteration 3 gemini.txt,Gemini,Data Protection,Innovation,3.0,Primary,False,787,5.26,none,ai_draft,0.656065016468065,0.4045335703075483,0.614031195640564,0.8203921568627451,0.25412960609911056,27.857142857142858,321.765306122449,-85.96453386829012
E:\Research paper\output\gemini_policy_drafts\DPDP innovation iteration 4 gemini.txt,DPDP innovation iteration 4 gemini.txt,Gemini,Data Protection,Innovation,4.0,Primary,False,748,4.91,none,ai_draft,0.650485528716739,0.3052152583141507,0.6216930747032166,0.8113939393939393,0.267379679144385,24.129032258064516,78.62851196670135,-96.57020879598683
E:\Research paper\output\gemini_policy_drafts\DPDP innovation iteration 5 gemini.txt,DPDP innovation iteration 5 gemini.txt,Gemini,Data Protection,Innovation,5.0,Primary,False,827,5.52,none,ai_draft,0.6673060100145766,0.4005314875089275,0.6018514633178711,0.8097742363877823,0.12091898428053204,27.366666666666667,436.9655555555555,-80.9394762610303
E:\Research paper\output\gemini_policy_drafts\DPDP innovation iteration 6 gemini.txt,DPDP innovation iteration 6 gemini.txt,Gemini,Data Protection,Innovation,6.0,Primary,False,779,5.19,none,ai_draft,0.6635194432849048,0.4203362383946424,0.6129751205444336,0.8167277856135403,0.12836970474967907,24.903225806451612,130.99063475546305,-94.28616266981305
E:\Research paper\output\gemini_policy_drafts\DPDP innovation iteration 7 gemini.txt,DPDP innovation iteration 7 gemini.txt,Gemini,Data Protection,Innovation,7.0,Primary,False,623,4.2,none,ai_draft,0.6717511621647932,0.391218024660522,0.624058723449707,0.801443661971831,0.4815409309791332,29.333333333333332,423.65079365079373,-81.52026880208489
E:\Research paper\output\gemini_policy_drafts\DPDP innovation iteration 8 gemini.txt,DPDP innovation iteration 8 gemini.txt,Gemini,Data Protection,Innovation,8.0,Primary,False,749,5.06,none,ai_draft,0.6577202425260463,0.3280998980740418,0.624201238155365,0.8150074294205052,0.13351134846461948,19.972972972972972,305.91818845872905,-86.65578826713983
E:\Research paper\output\gemini_policy_drafts\DPDP innovation iteration 9 Gemini.txt,DPDP innovation iteration 9 Gemini.txt,Gemini,Data Protection,Innovation,9.0,Primary,False,707,4.89,none,ai_draft,0.6623864131349937,0.389996263247661,0.6215428113937378,0.7910664605873261,0.2828854314002829,26.884615384615383,465.71745562130167,-79.6853127079171
E:\Research paper\output\gemini_policy_drafts\DPDP status quo iteration 1.txt,DPDP status quo iteration 1.txt,Gemini,Data Protection,Status Quo,1.0,Primary,False,968,6.0,none,ai_draft,0.5022319271653694,0.1850558169277311,0.6828720569610596,0.7181981981981982,0.2066115702479339,23.390243902439025,646.6281975014873,-71.79395045658859
E:\Research paper\output\gemini_policy_drafts\DPDP status quo iteration 10 gemini.txt,DPDP status quo iteration 10 gemini.txt,Gemini,Data Protection,Status Quo,10.0,Primary,False,1185,7.3,none,ai_draft,0.4789708006817451,0.1268988046361779,0.6932079792022705,0.7134552102376599,0.42194092827004215,26.636363636363637,728.9586776859504,-68.20267866858329
E:\Research paper\output\gemini_policy_drafts\DPDP status quo iteration 2 gemini.txt,DPDP status quo iteration 2 gemini.txt,Gemini,Data Protection,Status Quo,2.0,Primary,False,946,5.79,none,ai_draft,0.506135083218444,0.1856518274622153,0.6842078566551208,0.7064245175936434,0.42283298097251587,26.82857142857143,448.54204081632656,-80.43450769011807
E:\Research paper\output\gemini_policy_drafts\DPDP status quo iteration 3 gemini.txt,DPDP status quo iteration 3 gemini.txt,Gemini,Data Protection,Status Quo,3.0,Primary,False,996,6.16,none,ai_draft,0.4967255162836494,0.1830202643306242,0.6769042611122131,0.711164309031556,0.2008032128514056,26.56756756756757,605.9211102994886,-73.56960163113376
E:\Research paper\output\gemini_policy_drafts\DPDP status quo iteration 4 gemini.txt,DPDP status quo iteration 4 gemini.txt,Gemini,Data Protection,Status Quo,4.0,Primary,False,874,5.36,none,ai_draft,0.5077015572042568,0.1450499554151088,0.7029774785041809,0.7124242424242424,0.34324942791762014,27.903225806451612,527.4422476586888,-76.99286510202793
E:\Research paper\output\gemini_policy_drafts\DPDP status quo iteration 5 gemini.txt,DPDP status quo iteration 5 gemini.txt,Gemini,Data Protection,Status Quo,5.0,Primary,False,857,5.25,none,ai_draft,0.5152779360961356,0.1733534343316231,0.6837193965911865,0.7166153846153847,0.3500583430571762,24.2,532.3885714285715,-76.77710548336276
E:\Research paper\output\gemini_policy_drafts\DPDP status quo iteration 6 gemini.txt,DPDP status quo iteration 6 gemini.txt,Gemini,Data Protection,Status Quo,6.0,Primary,False,1004,6.2,none,ai_draft,0.5062269894020127,0.1608344420084196,0.6747490763664246,0.7233802816901408,0.199203187250996,24.024390243902438,500.2189173111243,-78.18035214247406
E:\Research paper\output\gemini_policy_drafts\DPDP status quo iteration 7 gemini.txt,DPDP status quo iteration 7 gemini.txt,Gemini,Data Protection,Status Quo,7.0,Primary,False,1096,6.58,none,ai_draft,0.4888904088712745,0.1345229491935557,0.7067946195602417,0.710098814229249,0.36496350364963503,23.06382978723404,456.1874151199637,-80.10101495469523
E:\Research paper\output\gemini_policy_drafts\DPDP status quo iteration 8 gemini.txt,DPDP status quo iteration 8 gemini.txt,Gemini,Data Protection,Status Quo,8.0,Primary,False,1032,6.3,none,ai_draft,0.4929256735794095,0.1453679794981066,0.6889664530754089,0.714941798941799,0.5813953488372093,23.227272727272727,426.9483471074381,-81.37642886975662
E:\Research paper\output\gemini_policy_drafts\DPDP status quo iteration 9 gemini.txt,DPDP status quo iteration 9 gemini.txt,Gemini,Data Protection,Status Quo,9.0,Primary,False,929,5.67,none,ai_draft,0.5020126077344926,0.1544986727209539,0.6956467628479004,0.7285714285714286,0.4305705059203444,23.71794871794872,500.8178829717291,-78.15422514219308
E:\Research paper\output\gemini_policy_drafts\DPDP unconstrained iteration 1.txt,DPDP unconstrained iteration 1.txt,Gemini,Data Protection,Unconstrained,1.0,Primary,False,811,5.07,none,ai_draft,0.553388143872777,0.1570808005931276,0.6611979007720947,0.7213877551020409,0.2466091245376079,27.0,455.8666666666667,-80.11500606550608
E:\Research paper\output\gemini_policy_drafts\DPDP unconstrained iteration 10 gemini.txt,DPDP unconstrained iteration 10 gemini.txt,Gemini,Data Protection,Unconstrained,10.0,Primary,False,966,6.04,none,ai_draft,0.5399030578804452,0.2055351463038738,0.6698883175849915,0.7337227949599083,0.2070393374741201,23.925,283.81937500000004,-87.61974286991769
E:\Research paper\output\gemini_policy_drafts\DPDP unconstrained iteration 2 gemini.txt,DPDP unconstrained iteration 2 gemini.txt,Gemini,Data Protection,Unconstrained,2.0,Primary,False,963,5.96,none,ai_draft,0.5350816807404469,0.1877862835366706,0.6676647067070007,0.7107972665148063,0.4153686396677051,28.08823529411765,433.4333910034602,-81.09354997562677
E:\Research paper\output\gemini_policy_drafts\DPDP unconstrained iteration 3 gemini.txt,DPDP unconstrained iteration 3 gemini.txt,Gemini,Data Protection,Unconstrained,3.0,Primary,False,901,5.58,none,ai_draft,0.5416219860215681,0.2142750671511077,0.6565622687339783,0.7127361963190184,0.22197558268590456,25.514285714285716,416.7069387755102,-81.82316112164547
E:\Research paper\output\gemini_policy_drafts\DPDP unconstrained iteration 4 gemini.txt,DPDP unconstrained iteration 4 gemini.txt,Gemini,Data Protection,Unconstrained,4.0,Primary,False,964,6.03,none,ai_draft,0.5533692114658788,0.2320820440123613,0.646720826625824,0.7147678369195921,0.3112033195020747,29.03030303030303,678.3324150596878,-70.4110062320141
E:\Research paper\output\gemini_policy_drafts\DPDP unconstrained iteration 5 gemini.txt,DPDP unconstrained iteration 5 gemini.txt,Gemini,Data Protection,Unconstrained,5.0,Primary,False,695,4.31,none,ai_draft,0.5728790146420181,0.2136871219960349,0.6580307483673096,0.7041967213114755,0.14388489208633093,24.535714285714285,269.9630102040817,-88.22416023593327
E:\Research paper\output\gemini_policy_drafts\DPDP unconstrained iteration 6 gemini.txt,DPDP unconstrained iteration 6 gemini.txt,Gemini,Data Protection,Unconstrained,6.0,Primary,False,838,5.18,none,ai_draft,0.5744754205967251,0.2326851500826161,0.6386458277702332,0.7328954423592493,0.23866348448687352,24.470588235294116,354.77854671280284,-84.52448980080582
E:\Research paper\output\gemini_policy_drafts\DPDP unconstrained iteration 7 gemini.txt,DPDP unconstrained iteration 7 gemini.txt,Gemini,Data Protection,Unconstrained,7.0,Primary,False,867,5.37,none,ai_draft,0.5378928616129676,0.2092544543647366,0.6762574315071106,0.7210858585858586,0.34602076124567477,22.81578947368421,89.255540166205,-96.1066557293983
E:\Research paper\output\gemini_policy_drafts\DPDP unconstrained iteration 8 gemini_.txt,DPDP unconstrained iteration 8 gemini_.txt,Gemini,Data Protection,Unconstrained,8.0,Primary,False,1028,6.43,none,ai_draft,0.5596133078444859,0.2315235850946367,0.6466305255889893,0.7344967880085653,0.19455252918287938,22.217391304347824,182.12665406427223,-92.0555994193235
E:\Research paper\output\gemini_policy_drafts\DPDP unconstrained iteration 9 gemini.txt,DPDP unconstrained iteration 9 gemini.txt,Gemini,Data Protection,Unconstrained,9.0,Primary,False,921,5.71,none,ai_draft,0.5491399688116055,0.2066545435875481,0.64594966173172,0.7197346200241256,0.21715526601520088,22.29268292682927,214.10945865556215,-90.6605031734053
E:\Research paper\output\gemini_policy_drafts\National innovation iteration 1 gemini.txt,National innovation iteration 1 gemini.txt,Gemini,National Security,Innovation,1.0,Primary,False,633,4.2,none,ai_draft,0.6885965370364893,0.671981586979776,0.5900816917419434,0.8335357142857143,0.7898894154818324,27.52173913043478,141.37996219281666,-92.52470621338647
E:\Research paper\output\gemini_policy_drafts\National innovation iteration 10 gemini.txt,National innovation iteration 10 gemini.txt,Gemini,National Security,Innovation,10.0,Primary,False,773,5.06,none,ai_draft,0.6840817271804741,0.6816245058711266,0.5933970808982849,0.8198280802292264,0.258732212160414,29.76923076923077,137.63905325443787,-92.72250222994793
E:\Research paper\output\gemini_policy_drafts\National innovation iteration 2 gemini.txt,National innovation iteration 2 gemini.txt,Gemini,National Security,Innovation,2.0,Primary,False,776,5.2,none,ai_draft,0.6913398787952645,0.6989320731146708,0.5920795202255249,0.8416231884057972,0.3865979381443299,26.517241379310345,114.8703923900119,-93.92636751926828
E:\Research paper\output\gemini_policy_drafts\National innovation iteration 3 gemini.txt,National innovation iteration 3 gemini.txt,Gemini,National Security,Innovation,3.0,Primary,False,792,5.27,none,ai_draft,0.6919439432747274,0.7155907161166384,0.5984267592430115,0.82950634696756,0.5050505050505051,27.20689655172414,124.23305588585016,-93.43132805843477
E:\Research paper\output\gemini_policy_drafts\National innovation iteration 4 gemini.txt,National innovation iteration 4 gemini.txt,Gemini,National Security,Innovation,4.0,Primary,False,823,5.62,none,ai_draft,0.6910386822951514,0.773747718268847,0.5910059213638306,0.8259733333333333,0.3645200486026731,21.5,114.14473684210526,-93.96473567501224
E:\Research paper\output\gemini_policy_drafts\National innovation iteration 5 gemini.txt,National innovation iteration 5 gemini.txt,Gemini,National Security,Innovation,5.0,Primary,False,704,4.77,none,ai_draft,0.7036238757646543,0.7566430909100166,0.5897670388221741,0.8280573248407643,0.14204545454545456,24.310344827586206,82.8347205707491,-95.62021475749233
E:\Research paper\output\gemini_policy_drafts\National innovation iteration 6 gemini.txt,National innovation iteration 6 gemini.txt,Gemini,National Security,Innovation,6.0,Primary,False,894,6.04,none,ai_draft,0.6819622835376541,0.7404759098342257,0.591326117515564,0.8226044226044227,0.5592841163310962,26.029411764705884,321.49913494809687,-83.00112371934668
E:\Research paper\output\gemini_policy_drafts\National innovation iteration 7 gemini.txt,National innovation iteration 7 gemini.txt,Gemini,National Security,Innovation,7.0,Primary,False,733,5.03,none,ai_draft,0.6846778223962818,0.7158090388346985,0.5908594131469727,0.8358966565349544,0.2728512960436562,29.32,230.21760000000003,-87.82752401290062
E:\Research paper\output\gemini_policy_drafts\National innovation iteration 8 gemini.txt,National innovation iteration 8 gemini.txt,Gemini,National Security,Innovation,8.0,Primary,False,740,4.84,none,ai_draft,0.6905856133624128,0.7062332030164264,0.5963966250419617,0.8103975535168195,0.40540540540540543,27.40740740740741,172.46364883401915,-90.88119403521
E:\Research paper\output\gemini_policy_drafts\National innovation iteration 9 gemini.txt,National innovation iteration 9 gemini.txt,Gemini,National Security,Innovation,9.0,Primary,False,798,5.38,none,ai_draft,0.6938124448966992,0.7379008265205647,0.5865617990493774,0.8212742382271468,0.37593984962406013,29.333333333333332,165.48148148148152,-91.25036765371993
E:\Research paper\output\gemini_policy_drafts\National status quo iteration 1 gemini.txt,National status quo iteration 1 gemini.txt,Gemini,National Security,Status Quo,1.0,Primary,False,1197,7.18,none,ai_draft,0.4969840177504577,0.3434154359572158,0.6905169486999512,0.7298831985624439,0.1670843776106934,39.63333333333333,1305.1655555555558,-30.99095645081338
E:\Research paper\output\gemini_policy_drafts\National status quo iteration 10 gemini.txt,National status quo iteration 10 gemini.txt,Gemini,National Security,Status Quo,10.0,Primary,False,1218,7.29,none,ai_draft,0.5019374802508131,0.4250898561499306,0.6742273569107056,0.7359469026548673,0.3284072249589491,40.3,1249.8766666666666,-33.91428929918557
E:\Research paper\output\gemini_policy_drafts\National status quo iteration 2 gemini.txt,National status quo iteration 2 gemini.txt,Gemini,National Security,Status Quo,2.0,Primary,False,759,4.77,none,ai_draft,0.5485083889270966,0.4780822884369627,0.6817637085914612,0.7605286343612336,0.6587615283267457,41.77777777777778,591.283950617284,-68.73657926046425
E:\Research paper\output\gemini_policy_drafts\National status quo iteration 3 gemini.txt,National status quo iteration 3 gemini.txt,Gemini,National Security,Status Quo,3.0,Primary,False,1239,7.47,none,ai_draft,0.4872620095393064,0.3848682981691025,0.6941883563995361,0.7344319167389419,0.16142050040355124,35.22857142857143,1547.547755102041,-18.1752920373197
E:\Research paper\output\gemini_policy_drafts\National status quo iteration 4 gemini.txt,National status quo iteration 4 gemini.txt,Gemini,National Security,Status Quo,4.0,Primary,False,825,4.97,none,ai_draft,0.5465412684227071,0.4362981055610289,0.6861135363578796,0.7661208053691276,0.48484848484848486,37.13636363636363,969.7541322314049,-48.725428082052915
E:\Research paper\output\gemini_policy_drafts\National status quo iteration 5 gemini.txt,National status quo iteration 5 gemini.txt,Gemini,National Security,Status Quo,5.0,Primary,False,974,5.98,none,ai_draft,0.5427427903690469,0.4437150435135336,0.6609340906143188,0.7641348314606742,0.41067761806981523,40.25,1313.1041666666667,-30.571212030226423
E:\Research paper\output\gemini_policy_drafts\National status quo iteration 6 gemini.txt,National status quo iteration 6 gemini.txt,Gemini,National Security,Status Quo,6.0,Primary,False,1230,7.3,none,ai_draft,0.4970690056730829,0.3833871312639554,0.6790043115615845,0.7201401050788092,0.3252032520325203,42.10344827586207,1946.5065398335316,2.9191691463014537
E:\Research paper\output\gemini_policy_drafts\National status quo iteration 7 gemini.txt,National status quo iteration 7 gemini.txt,Gemini,National Security,Status Quo,7.0,Primary,False,1402,8.33,none,ai_draft,0.4723901419827383,0.3097135465694366,0.727023720741272,0.7363373860182371,0.28530670470756064,40.970588235294116,1212.6756055363321,-35.881250223561516
E:\Research paper\output\gemini_policy_drafts\National status quo iteration 8 gemini.txt,National status quo iteration 8 gemini.txt,Gemini,National Security,Status Quo,8.0,Primary,False,1090,6.54,none,ai_draft,0.5071395228932388,0.4033725230445482,0.69951331615448,0.7280995024875622,0.27522935779816515,37.41379310344828,1368.1736028537455,-27.65948247692417
E:\Research paper\output\gemini_policy_drafts\National status quo iteration 9 gemini.txt,National status quo iteration 9 gemini.txt,Gemini,National Security,Status Quo,9.0,Primary,False,1080,6.59,none,ai_draft,0.5051969686583008,0.3503271825781938,0.6991495490074158,0.7536008024072217,0.4629629629629629,34.67741935483871,1357.250780437045,-28.237013445792915
E:\Research paper\output\gemini_policy_drafts\National unconstrained iteration 1 gemini.txt,National unconstrained iteration 1 gemini.txt,Gemini,National Security,Unconstrained,1.0,Primary,False,745,4.71,none,ai_draft,0.6348044063831717,0.5257901955000184,0.6145684719085693,0.7806051437216339,0.2684563758389262,27.59259259259259,162.98216735253772,-91.38251585272292
E:\Research paper\output\gemini_policy_drafts\National unconstrained iteration 10 gemini.txt,National unconstrained iteration 10 gemini.txt,Gemini,National Security,Unconstrained,10.0,Primary,False,891,5.67,none,ai_draft,0.6412009931091066,0.6302528498188571,0.6222434639930725,0.7993773349937733,0.33670033670033667,31.642857142857142,218.58673469387753,-88.44249188958756
E:\Research paper\output\gemini_policy_drafts\National unconstrained iteration 2 gemini.txt,National unconstrained iteration 2 gemini.txt,Gemini,National Security,Unconstrained,2.0,Primary,False,750,4.9,none,ai_draft,0.6660088132961104,0.6317773997684109,0.6029707789421082,0.8043219076005962,0.13333333333333333,29.72,134.6816,-92.87887397877434
E:\Research paper\output\gemini_policy_drafts\National unconstrained iteration 3 gemini.txt,National unconstrained iteration 3 gemini.txt,Gemini,National Security,Unconstrained,3.0,Primary,False,686,4.5,none,ai_draft,0.6667927807143951,0.6485941443163854,0.5985651612281799,0.8223645320197045,0.1457725947521866,31.09090909090909,165.53719008264463,-91.24742212909483
E:\Research paper\output\gemini_policy_drafts\National unconstrained iteration 4 gemini.txt,National unconstrained iteration 4 gemini.txt,Gemini,National Security,Unconstrained,4.0,Primary,False,851,5.38,none,ai_draft,0.6377638610221188,0.6277973722749859,0.6205016374588013,0.7950918635170604,0.23501762632197415,33.72,361.1616,-80.90401905213854
E:\Research paper\output\gemini_policy_drafts\National unconstrained iteration 5 gemini.txt,National unconstrained iteration 5 gemini.txt,Gemini,National Security,Unconstrained,5.0,Primary,False,662,4.23,none,ai_draft,0.6624129395342295,0.6181254032452177,0.5964937806129456,0.7963103448275862,0.1510574018126888,22.066666666666666,87.92888888888886,-95.35086679483963
E:\Research paper\output\gemini_policy_drafts\National unconstrained iteration 6 gemini.txt,National unconstrained iteration 6 gemini.txt,Gemini,National Security,Unconstrained,6.0,Primary,False,655,4.45,none,ai_draft,0.7000097846593643,0.6845719658148036,0.5725855827331543,0.8195804195804195,0.3053435114503817,27.125,67.109375,-96.45167330518281
E:\Research paper\output\gemini_policy_drafts\National unconstrained iteration 7 gemini.txt,National unconstrained iteration 7 gemini.txt,Gemini,National Security,Unconstrained,7.0,Primary,False,957,6.12,none,ai_draft,0.6557231970347389,0.6123085193316036,0.6125081181526184,0.780802752293578,0.10449320794148381,29.71875,388.2646484375,-79.47097828426215
E:\Research paper\output\gemini_policy_drafts\National unconstrained iteration 8 gemini.txt,National unconstrained iteration 8 gemini.txt,Gemini,National Security,Unconstrained,8.0,Primary,False,816,5.29,none,ai_draft,0.6487880892518123,0.6169607863177393,0.5958717465400696,0.8142547425474255,0.3676470588235294,30.25925925925926,298.562414266118,-84.21387496740154
E:\Research paper\output\gemini_policy_drafts\National unconstrained iteration 9 gemini.txt,National unconstrained iteration 9 gemini.txt,Gemini,National Security,Unconstrained,9.0,Primary,False,919,5.84,none,ai_draft,0.6368862003078138,0.5966147984428405,0.6124128103256226,0.7777751196172249,0.3264417845484222,26.794117647058822,177.10467128027685,-90.63580561016057
